Assay_ID,Common_name_Danish,Lat_Species,primer_and_probe_name_R_and_F,"Sequence,_primer_and_probe",Probe_Modification_5_end_,Probe_Modification_3_end_,Optimal_concentration_of_primer_or_probe_in_final_qPCR_reaction_volume_nM,Genus,species
1,roedtot_alge,Bonnemaisonia hamifera,Bon_ham_rbcL_F02,CAATTACTAGATTACCTGGGCAAT,none,none,1200,Bonnemaisonia,hamifera
1,roedtot_alge,Bonnemaisonia hamifera,Bon_ham_rbcL_R02,CTTCTTTTACAAAGTCCCGACCT,none,none,200,Bonnemaisonia,hamifera
1,roedtot_alge,Bonnemaisonia hamifera,Bon_ham_rbcL_P01,TCGTGCCATAACCATAGACTCTAAAGCC,FAM,BHQ-1,300,Bonnemaisonia,hamifera
2,dinoflagelat,Prorocentrum minimum,Pro_min_28S_F03,CTTGGCAAGATTGTCGGGT,none,none,1200,Prorocentrum,minimum
2,dinoflagelat,Prorocentrum minimum,Pro_min_28S_R03,TATTCACTCACCCATAGACGA,none,none,1200,Prorocentrum,minimum
2,dinoflagelat,Prorocentrum minimum,Pro_min_28S_P03,ACACACAAGGCAAGAGACGATCAAGC,FAM,BHQ-1,300,Prorocentrum,minimum
3,heterokont_flagelat,Pseudochattonella farcimen,PsFa28SF,GGGAGAAATTCTTTGGAACAAGG,none,none,200,Pseudochattonella,farcimen
3,heterokont_flagelat,Pseudochattonella farcimen,PsFa28SR,GCAACTCGACTCCACTAGG,none,none,800,Pseudochattonella,farcimen
3,heterokont_flagelat,Pseudochattonella farcimen,PsVeFa28SP1,TCAGAGAGGGTGACAATCCCGTCT,FAM,BHQ-1,300,Pseudochattonella,farcimen
4,heterokont_flagelat,Pseudochattonella serruculata,PsVe28SF,GGGAGAAGTCCTTTGGAACAAGG,none,none,200,Pseudochattonella,serruculata
4,heterokont_flagelat,Pseudochattonella serruculata,PsVe28SR,GCAACTCGACTCCATTAGC,none,none,600,Pseudochattonella,serruculata
4,heterokont_flagelat,Pseudochattonella serruculata,PsVeFa28SP1,TCAGAGAGGGTGACAATCCCGTCT,FAM,BHQ-1,300,Pseudochattonella,serruculata
5,dinoflagelat,Karenia mikimotoi,KarmikF3,CCGAGTGACTGAATGTCCTC,none,none,200,Karenia,mikimotoi
5,dinoflagelat,Karenia mikimotoi,KarmikR3,GATCGCAGGCAAGCACATGA,none,none,200,Karenia,mikimotoi
5,dinoflagelat,Karenia mikimotoi,KarmikP3,GCAGTGCTACCAGACACACAGAG,FAM,BHQ-1,300,Karenia,mikimotoi
6,soelvkarusse,Carassius auratus,Caraur_COI_F01,TTCTTCCCCCATCATTCCTGT,none,none,200,Carassius,auratus
6,soelvkarusse,Carassius auratus,Caraur_COI_R01,GTATACTGTCCATCCGGAGG,none,none,600,Carassius,auratus
6,soelvkarusse,Carassius auratus,Caraur_COI_P02,TAGCTTCCTCTGGTGTTGAAGCCGGAG,FAM,BHQ-1,100,Carassius,auratus
7,karpe,Cyprinus carpio,CpCyB_496_Forward,GGTGGGTTCTCAGTAGACAATGC,none,none,200,Cyprinus,carpio
7,karpe,Cyprinus carpio,CpCyB_573_Reverse,GGCGGCAATAACAAATGGTAGT,none,none,400,Cyprinus,carpio
7,karpe,Cyprinus carpio,CpCyB_550_Probe,CACTAACACGATTCTTCGCATTCCACTTCC,FAM,TAMRA,200,Cyprinus,carpio
8,oesterstyv,Colpomenia peregrine,Col_per_COX_3_F01,GCAAGCTTTTGAATATGCTAATG,none,none,400,Colpomenia,peregrine
8,oesterstyv,Colpomenia peregrine,Col_per_COX_3_R01,CAGCTAAAAATATTGTACCGATT,none,none,600,Colpomenia,peregrine
8,oesterstyv,Colpomenia peregrine,Col_per_COX_3_P01,TTCAGTTTTTTACATGGCTACAGGCTTC,FAM,TAMRA,100,Colpomenia,peregrine
09A,sortmundet_kutling,Neogobius melanostomus,Neo_Mel_COI_F01,CTTCTRGCCTCCTCTGGWGTTG,none,none,200,Neogobius,melanostomus
09A,sortmundet_kutling,Neogobius melanostomus,Neo_Mel_COI_R01,CCCWAGAATTGASGARATKCCGG,none,none,600,Neogobius,melanostomus
09A,sortmundet_kutling,Neogobius melanostomus,Neo_Mel_COI_P01,CAGGCAACTTRGCACATGCAG,FAM,BHQ-1,100,Neogobius,melanostomus
10,regnbueoerred,Oncorhynchus mykiss,Onc_myk_CytB_Forward_01,ACCTCCAGCCATCTCTCAGT,none,none,400,Oncorhynchus,mykiss
10,regnbueoerred,Oncorhynchus mykiss,Onc_myk_CytB_Reverse_01,AGGACGGGGAGGGAAAGTAA,none,none,600,Oncorhynchus,mykiss
10,regnbueoerred,Oncorhynchus mykiss,Onc_myk_CytB_Probe_01,TGAGCCGTGCTAGTTACTGCTGTCCTT,FAM,BHQ-1,100,Oncorhynchus,mykiss
11,pukkellaks,Oncorhyncus gorbuscha,Oncgor_CO1_F09,TCCTTCCTCCTCCTCCTTTC,none,none,400,Oncorhyncus,gorbuscha
11,pukkellaks,Oncorhyncus gorbuscha,Oncgor_CO1_R06,TGGCCCCTAAAATTGATGAG,none,none,1000,Oncorhyncus,gorbuscha
11,pukkellaks,Oncorhyncus gorbuscha,Oncgor_CO1_P06,CAGGGGCATCCGTCGACTTAACTAT,FAM,BHQ-1,300,Oncorhyncus,gorbuscha
12,stillehavsoesters,Magallana gigas,Cragig_CO1_F07,TTGAGTTTTGCCAGGGTCTC,none,none,200,Magallana,gigas
12,stillehavsoesters,Magallana gigas,Cragig_CO1_R09,ACCAGCAAGGTGAAGGCTTA,none,none,1200,Magallana,gigas
12,stillehavsoesters,Magallana gigas,Cragig_CO1_P06,AACATTGTAGAAAACGGAGTTGGGGC,FAM,BHQ-1,200,Magallana,gigas
13,sandmusling,Mya arenaria,Mya_are_CO1_F01,CCCTCCGTTGTCGAGAAATA,none,none,200,Mya,arenaria
13,sandmusling,Mya arenaria,Mya_are_CO1_R02,ACGCATGTTACCCCAAGTTC,none,none,1200,Mya,arenaria
13,sandmusling,Mya arenaria,Mya_are_CO1_P06,TATCCCTTCATATTGGAGGGGCTTCAT,FAM,BHQ-1,200,Mya,arenaria
14,mudderkrabbe,Rhithropanopeus harrisii,Rhihar_co1_F03,GTCAACCTGGTACTCTCATTGGT,none,none,200,Rhithropanopeus,harrisii
14,mudderkrabbe,Rhithropanopeus harrisii,Rhihar_co1_R03,ACGAGGAAATGCTATATCAGGGG,none,none,1200,Rhithropanopeus,harrisii
14,mudderkrabbe,Rhithropanopeus harrisii,Rhihar_co1_P03,TGTTGTAGTAACAGCTCACGCCTTTGT,FAM,BHQ-1,150,Rhithropanopeus,harrisii
15,kamtjatka_krabbe,Paralithodes camtschaticus,Parcam_co1_F02,GGGCTTGAGCTGGAATAGTG,none,none,400,Paralithodes,camtschaticus
15,kamtjatka_krabbe,Paralithodes camtschaticus,Parcam_co1_R05,CAATTTCCAAACCCTCCAAT,none,none,1200,Paralithodes,camtschaticus
15,kamtjatka_krabbe,Paralithodes camtschaticus,Parcam_co1_P02,ATTCGAGCTGAACTAGGACAACCAGGT,FAM,BHQ-1,300,Paralithodes,camtschaticus
16,kinesisk_uldhaandskrabbe,Eriocheir sinensis,Erisin_cytb_F02,ACCCCTCCTCATATCCAACCA,none,none,200,Eriocheir,sinensis
16,kinesisk_uldhaandskrabbe,Eriocheir sinensis,Erisin_cytb_R02,AAGAATGGCCACTGAAGCGG,none,none,1200,Eriocheir,sinensis
16,kinesisk_uldhaandskrabbe,Eriocheir sinensis,Erisin_cytb_P02,TTTGCTTACGCTATTTTACGATCAATTCCT,FAM,BHQ-1,200,Eriocheir,sinensis
17,amerikansk_hummer,Homarus americanus,Homame_co1_F06,TTACAGCAGTTCTTTTACTACTCTCG,none,none,400,Homarus,americanus
17,amerikansk_hummer,Homarus americanus,Homame_co1_R08,ACTGGGTCTCCACCTCCAG,none,none,1200,Homarus,americanus
17,amerikansk_hummer,Homarus americanus,Homame_co1_P08,TCGAAATTTAAATACTTCATTCTTCGATCCA,FAM,BHQ-1,300,Homarus,americanus
18,brakvandskroellepolyp,Cordylophora caspia,Cor_cas_COI_F01,TCATCTGTACAAGCACATTCTGG,none,none,200,Cordylophora,caspia
18,brakvandskroellepolyp,Cordylophora caspia,Cor_cas_COI_R01,TTGAAGAAGCTCCTGCACAGT,none,none,200,Cordylophora,caspia
18,brakvandskroellepolyp,Cordylophora caspia,Cor_cas_COI_P01,CCTTCTGTAGACATGGCTATATTTAGTC,FAM,BHQ-1,100,Cordylophora,caspia
19,amerikansk_ribbegoble,Mnemiopsis leidyi,Mnelei_its2_F04,ACGGTCCCTTGAAGTAGAGC,none,none,400,Mnemiopsis,leidyi
19,amerikansk_ribbegoble,Mnemiopsis leidyi,Mnelei_its2_R06,TCTGAGAAGGCTTCGGACAT,none,none,1000,Mnemiopsis,leidyi
19,amerikansk_ribbegoble,Mnemiopsis leidyi,Mnelei_its2_P06,GTGCCTCTCGGTGTGGTAGCAATATCT,FAM,BHQ-1,300,Mnemiopsis,leidyi
20,Siberisk_stoer,Acipenser baerii,Acibae_CR_F02,CAGTTGTATCCCCATAATCAGCC,none,none,800,Acipenser,baerii
20,Siberisk_stoer,Acipenser baerii,Acibae_CR_R03,TTATTCATTATCTCTGAGCAGTCGTGA,none,none,1200,Acipenser,baerii
20,Siberisk_stoer,Acipenser baerii,Acibae_CR_P01,ATGCCGAGAACCCCATCAACATTTGGT,FAM,BHQ-1,250,Acipenser,baerii
23,sortmundet_kutling,Neogobius melanostomus,Neomel_co1_F03,GGCCGGCATTTCCTCAATTC,none,none,200,Neogobius,melanostomus
23,sortmundet_kutling,Neogobius melanostomus,Neomel_co1_R03,TAATTCCGGCGGCAAGAACT,none,none,1000,Neogobius,melanostomus
23,sortmundet_kutling,Neogobius melanostomus,Neomel_co1_P03,TTCTGATTACGGCGGTCCTACTCCTCC,FAM,BHQ-1,500,Neogobius,melanostomus
25,amerikansk_hummer,Homarus americanus,Homame_cytb_F02,TTTTAGTAGCAGCAGCGACTCTT,none,none,500,Homarus,americanus
25,amerikansk_hummer,Homarus americanus,Homame_cytb_R14,CCAAGAAGGTAGGGATTTAGAAGA,none,none,3000,Homarus,americanus
25,amerikansk_hummer,Homarus americanus,Homame_cytb_P12,TTTGTGTGATCCGTATTTATTACTGCAA,FAM,BHQ-1,400,Homarus,americanus
27,kamtjatka_krabbe,Paralithodes camtschaticus,Parcam_co1_F12,CGTCCACAAGGAATAACCTTAGAC,none,none,500,Paralithodes,camtschaticus
27,kamtjatka_krabbe,Paralithodes camtschaticus,Parcam_co1_R12,AACTGGGTCTCCTCCTCCTG,none,none,3000,Paralithodes,camtschaticus
27,kamtjatka_krabbe,Paralithodes camtschaticus,Parcam_co1_P12,TTTGTGTGATCCGTATTTATTACTGCAA,FAM,BHQ-1,300,Paralithodes,camtschaticus
28,blaa_svømmekrabbe,Callinectes sapidus,Calsap_co1_F01,GGGCCTCAGTTGATCTTGGT,none,none,NA,Callinectes,sapidus
28,blaa_svømmekrabbe,Callinectes sapidus,Calsap_co1_R01,GTAGAGAACAGGGTCGCCTC,none,none,NA,Callinectes,sapidus
28,blaa_svømmekrabbe,Callinectes sapidus,Calsap_co1_P01,ATACCTCATTCTTCGACCCAGCTGGAG,FAM,BHQ-1,NA,Callinectes,sapidus
29,asiatisk_klippekrabbe,Hemigrapsus sanguineus,Hemsan_COI_F01,CCTGGGCCGGTATAGTAGGT,none,none,NA,Hemigrapsus,sanguineus
29,asiatisk_klippekrabbe,Hemigrapsus sanguineus,Hemsan_COI_R01,GGGGCTCCGAGTATAAGTGG,none,none,NA,Hemigrapsus,sanguineus
29,asiatisk_klippekrabbe,Hemigrapsus sanguineus,Hemsan_COI_P01,CGAGCAGAATTAAGACAACCAGGAAGC,FAM,BHQ-1,NA,Hemigrapsus,sanguineus
30,pensel_klippekrabbe,Hemigrapsus takanoi,Hemtak_co1_F05,AGGTTTTGACTTCTTCCTCCTTCT,none,none,NA,Hemigrapsus,takanoi
30,pensel_klippekrabbe,Hemigrapsus takanoi,Hemtak_co1_R05,CTGCGAGTGGAGGGTAAACG,none,none,NA,Hemigrapsus,takanoi
30,pensel_klippekrabbe,Hemigrapsus takanoi,Hemtak_co1_P05,TAGAAAGAGGTGTAGGTACAGGATGGA,FAM,BHQ-1,NA,Hemigrapsus,takanoi
31,Diamantstoer,Acipenser gueldenstaedtii,Acigue_CR_F03,AGAGCCGAACATTCTTGTCTG,none,none,NA,Acipenser,gueldenstaedtii
31,Diamantstoer,Acipenser gueldenstaedtii,Acigue_CR_R03,TGGACCTGAAATAGGAACCAG,none,none,NA,Acipenser,gueldenstaedtii
31,Diamantstoer,Acipenser gueldenstaedtii,Acigue_CR_P03,TGAAGGACAATAACTGCAAAGTTTCA,FAM,BHQ-1,NA,Acipenser,gueldenstaedtii
