ScientificName;AphiaID;Synonym;SynonymID;Kingdom;Phylum;Class;Order;Family;Genus;locality;locationID;higherGeography;higherGeographyID;recordStatus;typeStatus;establishmentMeans;invasiveness;occurrence;decimalLatitude;decimalLongitude;qualityStatus
Laetmonice filicornis;129844;Laetmatonice kinbergi;336333;Animalia;Annelida;Polychaeta;Phyllodocida;Aphroditidae;Laetmonice;North Sea;http://marineregions.org/mrgid/2350;NA;NA;valid;holotype;NA;NA;NA;NA;NA;checked
Nephtys assimilis;130353;Nephtys assimilis;130353;Animalia;Annelida;Polychaeta;Phyllodocida;Nephtyidae;Nephtys;Belgian Exclusive Economic Zone;http://marineregions.org/mrgid/3293;North Sea;http://marineregions.org/mrgid/2350;valid;NA;NA;NA;NA;NA;NA;unreviewed
Nephtys caeca;130355;Nephtys caeca;130355;Animalia;Annelida;Polychaeta;Phyllodocida;Nephtyidae;Nephtys;North Sea;http://marineregions.org/mrgid/2350;North Sea;http://marineregions.org/mrgid/2350;valid;NA;NA;NA;NA;NA;NA;unreviewed
Nephtys ciliata;130356;Nephtys ciliata;130356;Animalia;Annelida;Polychaeta;Phyllodocida;Nephtyidae;Nephtys;North Sea;http://marineregions.org/mrgid/2350;North Sea;http://marineregions.org/mrgid/2350;valid;NA;NA;NA;NA;NA;NA;unreviewed
Nephtys cirrosa;130357;Nephtys cirrosa;130357;Animalia;Annelida;Polychaeta;Phyllodocida;Nephtyidae;Nephtys;North Sea;http://marineregions.org/mrgid/2350;North Sea;http://marineregions.org/mrgid/2350;valid;NA;NA;NA;NA;NA;NA;unreviewed
Nephtys hombergii;130359;Nephtys hombergii;130359;Animalia;Annelida;Polychaeta;Phyllodocida;Nephtyidae;Nephtys;North Sea;http://marineregions.org/mrgid/2350;North Sea;http://marineregions.org/mrgid/2350;valid;NA;NA;NA;NA;NA;NA;unreviewed
Nephtys hystricis;130360;Nephtys hystricis;130360;Animalia;Annelida;Polychaeta;Phyllodocida;Nephtyidae;Nephtys;Belgian Exclusive Economic Zone;http://marineregions.org/mrgid/3293;Belgium;http://marineregions.org/mrgid/14;doubtful;NA;NA;NA;NA;NA;NA;unreviewed
Nephtys incisa;130362;Nephtys incisa;130362;Animalia;Annelida;Polychaeta;Phyllodocida;Nephtyidae;Nephtys;Belgian Exclusive Economic Zone;http://marineregions.org/mrgid/3293;North Sea;http://marineregions.org/mrgid/2350;valid;NA;NA;NA;NA;NA;NA;unreviewed
Nephtys kersivalensis;130363;Nephtys kersivalensis;130363;Animalia;Annelida;Polychaeta;Phyllodocida;Nephtyidae;Nephtys;Belgian Exclusive Economic Zone;http://marineregions.org/mrgid/3293;North Sea;http://marineregions.org/mrgid/2350;valid;NA;NA;NA;NA;NA;NA;unreviewed
Nephtys longosetosa;130364;Nephtys longosetosa;130364;Animalia;Annelida;Polychaeta;Phyllodocida;Nephtyidae;Nephtys;North Sea;http://marineregions.org/mrgid/2350;North Sea;http://marineregions.org/mrgid/2350;valid;NA;NA;NA;NA;NA;NA;unreviewed
Nephtys malmgreni;155485;Nephtys malmgreni;155485;Animalia;Annelida;Polychaeta;Phyllodocida;Nephtyidae;Nephtys;North Sea;http://marineregions.org/mrgid/2350;North Sea;http://marineregions.org/mrgid/2350;valid;NA;NA;NA;NA;55.3300018310547;3;unreviewed
Nephtys paradoxa;130365;Nephtys paradoxa;130365;Animalia;Annelida;Polychaeta;Phyllodocida;Nephtyidae;Nephtys;North Sea;http://marineregions.org/mrgid/2350;North Sea;http://marineregions.org/mrgid/2350;valid;NA;NA;NA;NA;NA;NA;unreviewed
Nephtys rubella;155486;Nephtys rubella;155486;Animalia;Annelida;Polychaeta;Phyllodocida;Nephtyidae;Nephtys;North Sea;http://marineregions.org/mrgid/2350;North Sea;http://marineregions.org/mrgid/2350;valid;NA;NA;NA;NA;55.3300018310547;3;unreviewed
Cementula canteshabitans;327382;Cementula canteshabitans;327382;Animalia;Annelida;Polychaeta;Sabellida;Serpulidae;Cementula;Germany;http://marineregions.org/mrgid/2101;NA;NA;valid;holotype;NA;NA;NA;NA;NA;checked
Chitinopoma serrula;130986;Miroserpula inflata;329031;Animalia;Annelida;Polychaeta;Sabellida;Serpulidae;Chitinopoma;Norwegian part of the North Sea;http://marineregions.org/mrgid/25233;NA;NA;valid;holotype;NA;NA;NA;67.5;12;checked
Conorca arnoldii;326838;Conorca arnoldii;326838;Animalia;Annelida;Polychaeta;Sabellida;Serpulidae;Conorca;Germany;http://marineregions.org/mrgid/2101;NA;NA;valid;holotype;NA;NA;NA;NA;NA;checked
Conorca breitenburgensis;326839;Conorca breitenburgensis;326839;Animalia;Annelida;Polychaeta;Sabellida;Serpulidae;Conorca;Germany;http://marineregions.org/mrgid/2101;NA;NA;valid;holotype;NA;NA;NA;NA;NA;checked
Conorca bueltensis;326840;Conorca bueltensis;326840;Animalia;Annelida;Polychaeta;Sabellida;Serpulidae;Conorca;Germany;http://marineregions.org/mrgid/2101;NA;NA;valid;holotype;NA;NA;NA;NA;NA;checked
Ditrupa arietina;130987;Ditrupa arietina;130987;Animalia;Annelida;Polychaeta;Sabellida;Serpulidae;Ditrupa;North Sea;http://marineregions.org/mrgid/2350;North Sea;http://marineregions.org/mrgid/2350;valid;NA;NA;NA;NA;NA;NA;checked
Ditrupa coronata;327003;Ditrupa coronata;327003;Animalia;Annelida;Polychaeta;Sabellida;Serpulidae;Ditrupa;Germany;http://marineregions.org/mrgid/2101;NA;NA;valid;holotype;NA;NA;NA;NA;NA;checked
Ditrupa pseudolaeve;327005;Ditrupa pseudolaeve;327005;Animalia;Annelida;Polychaeta;Sabellida;Serpulidae;Ditrupa;Germany;http://marineregions.org/mrgid/2101;NA;NA;valid;holotype;NA;NA;NA;NA;NA;checked
Ditrupa robusta;327006;Ditrupa robusta;327006;Animalia;Annelida;Polychaeta;Sabellida;Serpulidae;Ditrupa;Germany;http://marineregions.org/mrgid/2101;NA;NA;valid;holotype;NA;NA;NA;NA;NA;checked
Ficopomatus enigmaticus;130988;Ficopomatus enigmaticus;130988;Animalia;Annelida;Polychaeta;Sabellida;Serpulidae;Ficopomatus;Belgian Exclusive Economic Zone;http://marineregions.org/mrgid/3293;Belgium;http://marineregions.org/mrgid/14;valid;NA;NA;NA;NA;NA;NA;checked
Ficopomatus uschakovi;369221;Ficopomatus uschakovi;369221;Animalia;Annelida;Polychaeta;Sabellida;Serpulidae;Ficopomatus;Dutch part of the North Sea;http://marineregions.org/mrgid/25232;North Sea;http://marineregions.org/mrgid/2350;valid;NA;Alien;Not invasive;Established;NA;NA;checked
Filograna conglobatula;328035;Filograna conglobatula;328035;Animalia;Annelida;Polychaeta;Sabellida;Serpulidae;Filograna;Germany;http://marineregions.org/mrgid/2101;NA;NA;valid;holotype;NA;NA;NA;NA;NA;checked
Filograna implexa;130989;Filograna implexa;130989;Animalia;Annelida;Polychaeta;Sabellida;Serpulidae;Filograna;North Sea;http://marineregions.org/mrgid/2350;North Sea;http://marineregions.org/mrgid/2350;valid;NA;NA;NA;NA;NA;NA;unreviewed
Gynaeconitis crassa;328186;Gynaeconitis crassa;328186;Animalia;Annelida;Polychaeta;Sabellida;Serpulidae;Gynaeconitis;Germany;http://marineregions.org/mrgid/2101;NA;NA;valid;holotype;NA;NA;NA;NA;NA;checked
Heterodisca heterostropha;328365;Heterodisca heterostropha;328365;Animalia;Annelida;Polychaeta;Sabellida;Serpulidae;Heterodisca;United Kingdom Exclusive Economic Zone;http://marineregions.org/mrgid/5696;NA;NA;valid;holotype;NA;NA;NA;NA;NA;checked
Heterodisca minuta;328366;Heterodisca minuta;328366;Animalia;Annelida;Polychaeta;Sabellida;Serpulidae;Heterodisca;United Kingdom Exclusive Economic Zone;http://marineregions.org/mrgid/5696;NA;NA;valid;holotype;NA;NA;NA;NA;NA;checked
Hydroides dianthus;131000;Hydroides dianthus;131000;Animalia;Annelida;Polychaeta;Sabellida;Serpulidae;Hydroides;Belgian Exclusive Economic Zone;http://marineregions.org/mrgid/3293;Belgium;http://marineregions.org/mrgid/14;doubtful;NA;NA;NA;NA;NA;NA;unreviewed
Hydroides elegans;131002;Hydroides elegans;131002;Animalia;Annelida;Polychaeta;Sabellida;Serpulidae;Hydroides;North Sea;http://marineregions.org/mrgid/2350;North Sea;http://marineregions.org/mrgid/2350;valid;NA;Alien;NA;NA;NA;NA;checked
Hydroides ezoensis;131003;Hydroides ezoensis;131003;Animalia;Annelida;Polychaeta;Sabellida;Serpulidae;Hydroides;Belgian Exclusive Economic Zone;http://marineregions.org/mrgid/3293;North Sea;http://marineregions.org/mrgid/2350;doubtful;NA;NA;NA;NA;NA;NA;checked
Hydroides norvegica;131009;Hydroides norvegica;131009;Animalia;Annelida;Polychaeta;Sabellida;Serpulidae;Hydroides;North Sea;http://marineregions.org/mrgid/2350;North Sea;http://marineregions.org/mrgid/2350;valid;NA;NA;NA;NA;NA;NA;unreviewed
Hydroides spongicola;338021;Hydroides spongicola;338021;Animalia;Annelida;Polychaeta;Sabellida;Serpulidae;Hydroides;Netherlands Antilles;http://marineregions.org/mrgid/2258;Netherlands;http://marineregions.org/mrgid/15;valid;NA;NA;NA;NA;NA;NA;checked
Laqueoserpula dolioformis;328664;Laqueoserpula dolioformis;328664;Animalia;Annelida;Polychaeta;Sabellida;Serpulidae;Laqueoserpula;Germany;http://marineregions.org/mrgid/2101;NA;NA;valid;holotype;NA;NA;NA;NA;NA;checked
Laqueoserpula litoralis;328666;Laqueoserpula litoralis;328666;Animalia;Annelida;Polychaeta;Sabellida;Serpulidae;Laqueoserpula;Germany;http://marineregions.org/mrgid/2101;NA;NA;valid;holotype;NA;NA;NA;NA;NA;checked
Laqueoserpula plana;328667;Laqueoserpula plana;328667;Animalia;Annelida;Polychaeta;Sabellida;Serpulidae;Laqueoserpula;Germany;http://marineregions.org/mrgid/2101;NA;NA;valid;holotype;NA;NA;NA;NA;NA;checked
Parsimonia bipartita;330419;Parsimonia bipartita;330419;Animalia;Annelida;Polychaeta;Sabellida;Serpulidae;Parsimonia;Germany;http://marineregions.org/mrgid/2101;NA;NA;valid;holotype;NA;NA;NA;NA;NA;checked
Parsimonia paraobtusa;330420;Parsimonia paraobtusa;330420;Animalia;Annelida;Polychaeta;Sabellida;Serpulidae;Parsimonia;Germany;http://marineregions.org/mrgid/2101;NA;NA;valid;holotype;NA;NA;NA;NA;NA;checked
Parsimonia tourtiae;330421;Parsimonia tourtiae;330421;Animalia;Annelida;Polychaeta;Sabellida;Serpulidae;Parsimonia;Germany;http://marineregions.org/mrgid/2101;NA;NA;valid;holotype;NA;NA;NA;NA;NA;checked
Parsimonia upwarensis;330422;Parsimonia upwarensis;330422;Animalia;Annelida;Polychaeta;Sabellida;Serpulidae;Parsimonia;United Kingdom Exclusive Economic Zone;http://marineregions.org/mrgid/5696;NA;NA;valid;holotype;NA;NA;NA;NA;NA;checked
Parsimonia wegneri;330423;Parsimonia wegneri;330423;Animalia;Annelida;Polychaeta;Sabellida;Serpulidae;Parsimonia;Germany;http://marineregions.org/mrgid/2101;NA;NA;valid;holotype;NA;NA;NA;NA;NA;checked
Placostegus laegerdorfensis;330800;Placostegus laegerdorfensis;330800;Animalia;Annelida;Polychaeta;Sabellida;Serpulidae;Placostegus;Germany;http://marineregions.org/mrgid/2101;NA;NA;valid;holotype;NA;NA;NA;NA;NA;checked
Placostegus tridentatus;131025;Serpula muricata;331862;Animalia;Annelida;Polychaeta;Sabellida;Serpulidae;Placostegus;United Kingdom Exclusive Economic Zone;http://marineregions.org/mrgid/5696;NA;NA;valid;holotype;NA;NA;NA;NA;NA;checked
Protectoconorca arnoldii;416913;Conorca arnoldii;326838;Animalia;Annelida;Polychaeta;Sabellida;Serpulidae;Protectoconorca;Germany;http://marineregions.org/mrgid/2101;NA;NA;valid;holotype;NA;NA;NA;NA;NA;checked
Protectoconorca senonensis;329925;Protectoconorca senonensis;329925;Animalia;Annelida;Polychaeta;Sabellida;Serpulidae;Protectoconorca;Germany;http://marineregions.org/mrgid/2101;NA;NA;valid;holotype;NA;NA;NA;NA;NA;checked
Protula tubularia;131035;Protula tubularia;131035;Animalia;Annelida;Polychaeta;Sabellida;Serpulidae;Protula;North Sea;http://marineregions.org/mrgid/2350;North Sea;http://marineregions.org/mrgid/2350;valid;NA;NA;NA;NA;NA;NA;unreviewed
Serpula angulata;338080;Serpula angulata;338080;Animalia;Annelida;Polychaeta;Sabellida;Serpulidae;Serpula;United Kingdom Exclusive Economic Zone;http://marineregions.org/mrgid/5696;NA;NA;valid;holotype;NA;NA;NA;NA;NA;checked
Serpula arundo;338083;Serpula arundo;338083;Animalia;Annelida;Polychaeta;Sabellida;Serpulidae;Serpula;United Kingdom Exclusive Economic Zone;http://marineregions.org/mrgid/5696;NA;NA;valid;holotype;NA;NA;NA;NA;NA;checked
Serpula carinata;340017;Serpula carinata;340017;Animalia;Annelida;Polychaeta;Sabellida;Serpulidae;Serpula;United Kingdom Exclusive Economic Zone;http://marineregions.org/mrgid/5696;NA;NA;valid;holotype;NA;NA;NA;NA;NA;checked
Serpula clientela;331822;Serpula clientela;331822;Animalia;Annelida;Polychaeta;Sabellida;Serpulidae;Serpula;Germany;http://marineregions.org/mrgid/2101;NA;NA;valid;holotype;NA;NA;NA;NA;NA;checked
Serpula cordineri;338092;Serpula cordineri;338092;Animalia;Annelida;Polychaeta;Sabellida;Serpulidae;Serpula;United Kingdom Exclusive Economic Zone;http://marineregions.org/mrgid/5696;NA;NA;valid;holotype;NA;NA;NA;NA;NA;checked
Serpula cornea;331828;Serpula cornea;331828;Animalia;Annelida;Polychaeta;Sabellida;Serpulidae;Serpula;United Kingdom Exclusive Economic Zone;http://marineregions.org/mrgid/5696;NA;NA;valid;holotype;NA;NA;NA;NA;NA;checked
Serpula filum;737177;Serpula filum;737177;Animalia;Annelida;Polychaeta;Sabellida;Serpulidae;Serpula;Germany;http://marineregions.org/mrgid/2101;NA;NA;valid;holotype;NA;NA;NA;NA;NA;checked
Serpula heterostropha;331844;Serpula heterostropha;331844;Animalia;Annelida;Polychaeta;Sabellida;Serpulidae;Serpula;United Kingdom Exclusive Economic Zone;http://marineregions.org/mrgid/5696;NA;NA;valid;holotype;NA;NA;NA;NA;NA;checked
Serpula libera;338115;Serpula libera;338115;Animalia;Annelida;Polychaeta;Sabellida;Serpulidae;Serpula;Norwegian part of the North Sea;http://marineregions.org/mrgid/25233;NA;NA;valid;holotype;NA;NA;NA;NA;NA;checked
Serpula lobata;331853;Serpula lobata;331853;Animalia;Annelida;Polychaeta;Sabellida;Serpulidae;Serpula;United Kingdom Exclusive Economic Zone;http://marineregions.org/mrgid/5696;NA;NA;valid;holotype;NA;NA;NA;NA;NA;checked
Serpula lucida;338689;Serpula lucida;338689;Animalia;Annelida;Polychaeta;Sabellida;Serpulidae;Serpula;United Kingdom Exclusive Economic Zone;http://marineregions.org/mrgid/5696;NA;NA;valid;holotype;NA;NA;NA;NA;NA;checked
Serpula minuta;331860;Serpula minuta;331860;Animalia;Annelida;Polychaeta;Sabellida;Serpulidae;Serpula;United Kingdom Exclusive Economic Zone;http://marineregions.org/mrgid/5696;NA;NA;valid;holotype;NA;NA;NA;NA;NA;checked
Serpula montagui;331861;Serpula montagui;331861;Animalia;Annelida;Polychaeta;Sabellida;Serpulidae;Serpula;United Kingdom;http://marineregions.org/mrgid/2208;NA;NA;valid;holotype;NA;NA;NA;NA;NA;checked
Serpula muricata;331862;Serpula muricata;331862;Animalia;Annelida;Polychaeta;Sabellida;Serpulidae;Serpula;United Kingdom Exclusive Economic Zone;http://marineregions.org/mrgid/5696;NA;NA;valid;holotype;NA;NA;NA;NA;NA;checked
Serpula porrecta;338128;Serpula porrecta;338128;Animalia;Annelida;Polychaeta;Sabellida;Serpulidae;Serpula;North Sea;http://marineregions.org/mrgid/2350;NA;NA;valid;holotype;NA;NA;NA;NA;NA;checked
Serpula pusilla;737178;Serpula pusilla;737178;Animalia;Annelida;Polychaeta;Sabellida;Serpulidae;Serpula;Germany;http://marineregions.org/mrgid/2101;NA;NA;valid;holotype;NA;NA;NA;NA;NA;checked
Serpula quadrata;331879;Serpula quadrata;331879;Animalia;Annelida;Polychaeta;Sabellida;Serpulidae;Serpula;Germany;http://marineregions.org/mrgid/2101;NA;NA;valid;holotype;NA;NA;NA;NA;NA;checked
Serpula reversa;338132;Serpula reversa;338132;Animalia;Annelida;Polychaeta;Sabellida;Serpulidae;Serpula;United Kingdom Exclusive Economic Zone;http://marineregions.org/mrgid/5696;NA;NA;valid;holotype;NA;NA;NA;NA;NA;checked
Serpula roessleri;737179;Serpula roessleri;737179;Animalia;Annelida;Polychaeta;Sabellida;Serpulidae;Serpula;Germany;http://marineregions.org/mrgid/2101;NA;NA;valid;holotype;NA;NA;NA;NA;NA;checked
Serpula serrulata;338134;Serpula serrulata;338134;Animalia;Annelida;Polychaeta;Sabellida;Serpulidae;Serpula;United Kingdom Exclusive Economic Zone;http://marineregions.org/mrgid/5696;NA;NA;valid;holotype;NA;NA;NA;NA;NA;checked
Serpula sinistrorsa;340021;Serpula sinistrorsa;340021;Animalia;Annelida;Polychaeta;Sabellida;Serpulidae;Serpula;United Kingdom Exclusive Economic Zone;http://marineregions.org/mrgid/5696;NA;NA;valid;holotype;NA;NA;NA;NA;NA;checked
Serpula sulcata;340020;Serpula sulcata;340020;Animalia;Annelida;Polychaeta;Sabellida;Serpulidae;Serpula;United Kingdom Exclusive Economic Zone;http://marineregions.org/mrgid/5696;NA;NA;valid;holotype;NA;NA;NA;NA;NA;checked
Serpula vermicularis;381915;Serpula vermicularis;381915;Animalia;Annelida;Polychaeta;Sabellida;Serpulidae;Serpula;Belgian Exclusive Economic Zone;http://marineregions.org/mrgid/3293;North Sea;http://marineregions.org/mrgid/2350;valid;NA;NA;NA;NA;NA;NA;unreviewed
Serpula vermicularis;131051;Serpula vermicularis;131051;Animalia;Annelida;Polychaeta;Sabellida;Serpulidae;Serpula;North Sea;http://marineregions.org/mrgid/2350;North Sea;http://marineregions.org/mrgid/2350;valid;NA;NA;NA;NA;NA;NA;unreviewed
Spirobranchus lamarcki;560033;Pomatoceros lamarcki;152358;Animalia;Annelida;Polychaeta;Sabellida;Serpulidae;Spirobranchus;Belgian Exclusive Economic Zone;http://marineregions.org/mrgid/3293;Belgium;http://marineregions.org/mrgid/14;valid;NA;NA;NA;NA;NA;NA;trusted
Spirobranchus triqueter;555935;Pomatoceros triqueter;131027;Animalia;Annelida;Polychaeta;Sabellida;Serpulidae;Spirobranchus;North Sea;http://marineregions.org/mrgid/2350;North Sea;http://marineregions.org/mrgid/2350;valid;NA;NA;NA;NA;NA;NA;unreviewed
Spirorbis (Spirorbis) corallinae;334839;Spirorbis (Laeospira) corallinae;337067;Animalia;Annelida;Polychaeta;Sabellida;Serpulidae;Spirorbis;United Kingdom Exclusive Economic Zone;http://marineregions.org/mrgid/5696;NA;NA;valid;holotype;NA;NA;NA;NA;NA;checked
Spirorbis (Spirorbis) cuneatus;747456;Spirorbis cuneatus;131225;Animalia;Annelida;Polychaeta;Sabellida;Serpulidae;Spirorbis;United Kingdom Exclusive Economic Zone;http://marineregions.org/mrgid/5696;NA;NA;valid;holotype;NA;NA;NA;NA;NA;checked
Triditrupa tricostata;489068;Dentalium tricostatum;467847;Animalia;Annelida;Polychaeta;Sabellida;Serpulidae;Triditrupa;Germany;http://marineregions.org/mrgid/48115;NA;NA;valid;holotype;NA;NA;NA;NA;NA;checked
Vermilia armata;338282;Vermilia armata;338282;Animalia;Annelida;Polychaeta;Sabellida;Serpulidae;Vermilia;United Kingdom Exclusive Economic Zone;http://marineregions.org/mrgid/5696;NA;NA;valid;holotype;NA;NA;NA;NA;NA;checked
Vermilia conica;332817;Vermilia conica;332817;Animalia;Annelida;Polychaeta;Sabellida;Serpulidae;Vermilia;United Kingdom Exclusive Economic Zone;http://marineregions.org/mrgid/5696;NA;NA;valid;holotype;NA;NA;NA;NA;NA;checked
Vermilia serrulata;338309;Vermilia serrulata;338309;Animalia;Annelida;Polychaeta;Sabellida;Serpulidae;Vermilia;United Kingdom Exclusive Economic Zone;http://marineregions.org/mrgid/5696;NA;NA;valid;holotype;NA;NA;NA;NA;NA;checked
Aonides oxycephala;131106;Aonides oxycephala;131106;Animalia;Annelida;Polychaeta;Spionida;Spionidae;Aonides;Belgian Exclusive Economic Zone;http://marineregions.org/mrgid/3293;Belgium;http://marineregions.org/mrgid/14;valid;NA;NA;NA;NA;NA;NA;unreviewed
Aonides paucibranchiata;131107;Aonides paucibranchiata;131107;Animalia;Annelida;Polychaeta;Spionida;Spionidae;Aonides;Belgian Exclusive Economic Zone;http://marineregions.org/mrgid/3293;North Sea;http://marineregions.org/mrgid/2350;valid;NA;NA;NA;NA;NA;NA;unreviewed
Boccardia proboscidea;327249;Boccardia proboscidea;327249;Animalia;Annelida;Polychaeta;Spionida;Spionidae;Boccardia;United Kingdom part of the Inner Seas off the West Coast of Scotland;http://marineregions.org/mrgid/25178;Inner Seas off the West Coast of Scotland;http://marineregions.org/mrgid/4283;valid;NA;Alien;Not specified;Reported;NA;NA;trusted
Boccardia semibranchiata;131113;Boccardia semibranchiata;131113;Animalia;Annelida;Polychaeta;Spionida;Spionidae;Boccardia;Atlantic Europe;http://marineregions.org/mrgid/9230;NA;NA;valid;NA;Alien;NA;NA;NA;NA;unreviewed
Boccardiella ligerica;131114;Boccardiella ligerica;131114;Animalia;Annelida;Polychaeta;Spionida;Spionidae;Boccardiella;Dutch part of the North Sea;http://marineregions.org/mrgid/25232;North Sea;http://marineregions.org/mrgid/2350;valid;NA;Alien;Uncertain;Reported;NA;NA;trusted
Dipolydora caulleryi;131116;Polydora carazzi;338508;Animalia;Annelida;Polychaeta;Spionida;Spionidae;Dipolydora;United Kingdom Exclusive Economic Zone;http://marineregions.org/mrgid/5696;NA;NA;valid;holotype;NA;NA;NA;NA;NA;checked
Dipolydora coeca;131117;Dipolydora coeca;131117;Animalia;Annelida;Polychaeta;Spionida;Spionidae;Dipolydora;Belgian Exclusive Economic Zone;http://marineregions.org/mrgid/3293;Belgium;http://marineregions.org/mrgid/14;valid;NA;NA;NA;NA;NA;NA;unreviewed
Dipolydora quadrilobata;131121;Polydora (Polydora) quadrilobata;152360;Animalia;Annelida;Polychaeta;Spionida;Spionidae;Dipolydora;Belgian Exclusive Economic Zone;http://marineregions.org/mrgid/3293;North Sea;http://marineregions.org/mrgid/2350;doubtful;NA;NA;NA;NA;NA;NA;unreviewed
Malacoceros fuliginosa;333952;Malacoceros fuliginosa;333952;Animalia;Annelida;Polychaeta;Spionida;Spionidae;Malacoceros;Belgian Exclusive Economic Zone;http://marineregions.org/mrgid/3293;North Sea;http://marineregions.org/mrgid/2350;valid;NA;NA;NA;NA;NA;NA;unreviewed
Malacoceros fuliginosus;131131;Malacoceros fuliginosus;131131;Animalia;Annelida;Polychaeta;Spionida;Spionidae;Malacoceros;Belgian Exclusive Economic Zone;http://marineregions.org/mrgid/3293;Belgium;http://marineregions.org/mrgid/14;valid;NA;NA;NA;NA;NA;NA;unreviewed
Malacoceros tetracerus;333954;Scolelepis ciliata;155543;Animalia;Annelida;Polychaeta;Spionida;Spionidae;Malacoceros;North Sea;http://marineregions.org/mrgid/2350;North Sea;http://marineregions.org/mrgid/2350;valid;NA;NA;NA;NA;55.3300018310547;3;unreviewed
Malacoceros vulgaris;131134;Malacoceros vulgaris;131134;Animalia;Annelida;Polychaeta;Spionida;Spionidae;Malacoceros;Belgian Exclusive Economic Zone;http://marineregions.org/mrgid/3293;Belgium;http://marineregions.org/mrgid/14;valid;NA;NA;NA;NA;NA;NA;unreviewed
Marenzelleria neglecta;181523;Marenzelleria neglecta;181523;Animalia;Annelida;Polychaeta;Spionida;Spionidae;Marenzelleria;Germany;http://marineregions.org/mrgid/2101;Germany;http://marineregions.org/mrgid/2101;valid;NA;Alien;Uncertain;Reported;NA;NA;trusted
Marenzelleria viridis;131135;Marenzelleria viridis;131135;Animalia;Annelida;Polychaeta;Spionida;Spionidae;Marenzelleria;Belgian Exclusive Economic Zone;http://marineregions.org/mrgid/3293;Belgium;http://marineregions.org/mrgid/14;valid;NA;NA;NA;NA;NA;NA;unreviewed
Polydora antennata;224519;Polydora antennata;224519;Animalia;Annelida;Polychaeta;Spionida;Spionidae;Polydora;Belgian Exclusive Economic Zone;http://marineregions.org/mrgid/3293;North Sea;http://marineregions.org/mrgid/2350;valid;NA;NA;NA;NA;NA;NA;unreviewed
Polydora caeca;146933;Polydora caeca;146933;Animalia;Annelida;Polychaeta;Spionida;Spionidae;Polydora;Belgian Exclusive Economic Zone;http://marineregions.org/mrgid/3293;North Sea;http://marineregions.org/mrgid/2350;valid;NA;NA;NA;NA;NA;NA;unreviewed
Polydora carazzi;338508;Polydora carazzi;338508;Animalia;Annelida;Polychaeta;Spionida;Spionidae;Polydora;United Kingdom Exclusive Economic Zone;http://marineregions.org/mrgid/5696;NA;NA;valid;holotype;NA;NA;NA;NA;NA;checked
Polydora ciliata;131141;Polydora ciliata;131141;Animalia;Annelida;Polychaeta;Spionida;Spionidae;Polydora;North Sea;http://marineregions.org/mrgid/2350;North Sea;http://marineregions.org/mrgid/2350;valid;NA;NA;NA;NA;NA;NA;unreviewed
Polydora cornuta;131143;Polydora cornuta;131143;Animalia;Annelida;Polychaeta;Spionida;Spionidae;Polydora;Belgian Exclusive Economic Zone;http://marineregions.org/mrgid/3293;North Sea;http://marineregions.org/mrgid/2350;valid;NA;NA;NA;NA;NA;NA;unreviewed
Polydora hoplura;131146;Polydora hoplura;131146;Animalia;Annelida;Polychaeta;Spionida;Spionidae;Polydora;Belgian Exclusive Economic Zone;http://marineregions.org/mrgid/3293;Belgium;http://marineregions.org/mrgid/14;valid;NA;NA;NA;NA;NA;NA;unreviewed
Polydora ligni;152351;Polydora ligni;152351;Animalia;Annelida;Polychaeta;Spionida;Spionidae;Polydora;Belgian Exclusive Economic Zone;http://marineregions.org/mrgid/3293;North Sea;http://marineregions.org/mrgid/2350;valid;NA;NA;NA;NA;NA;NA;unreviewed
Polydora pulchra;131149;Polydora pulchra;131149;Animalia;Annelida;Polychaeta;Spionida;Spionidae;Polydora;Belgian Exclusive Economic Zone;http://marineregions.org/mrgid/3293;North Sea;http://marineregions.org/mrgid/2350;valid;NA;NA;NA;NA;NA;NA;unreviewed
Prionospio multibranchiata;131160;Prionospio multibranchiata;131160;Animalia;Annelida;Polychaeta;Spionida;Spionidae;Prionospio;North Sea;http://marineregions.org/mrgid/2350;North Sea;http://marineregions.org/mrgid/2350;valid;NA;NA;NA;NA;NA;NA;unreviewed
Prionospio steenstrupi;131164;Prionospio steenstrupi;131164;Animalia;Annelida;Polychaeta;Spionida;Spionidae;Prionospio;Belgian Exclusive Economic Zone;http://marineregions.org/mrgid/3293;North Sea;http://marineregions.org/mrgid/2350;doubtful;NA;NA;NA;NA;NA;NA;unreviewed
Pseudopolydora antennata;131166;Pseudopolydora antennata;131166;Animalia;Annelida;Polychaeta;Spionida;Spionidae;Pseudopolydora;Belgian Exclusive Economic Zone;http://marineregions.org/mrgid/3293;North Sea;http://marineregions.org/mrgid/2350;valid;NA;NA;NA;NA;NA;NA;trusted
Pseudopolydora paucibranchiata;131168;Pseudopolydora paucibranchiata;131168;Animalia;Annelida;Polychaeta;Spionida;Spionidae;Pseudopolydora;Belgian Exclusive Economic Zone;http://marineregions.org/mrgid/3293;North Sea;http://marineregions.org/mrgid/2350;valid;NA;NA;NA;NA;NA;NA;unreviewed
Pseudopolydora pulchra;131169;Pseudopolydora pulchra;131169;Animalia;Annelida;Polychaeta;Spionida;Spionidae;Pseudopolydora;Belgian Exclusive Economic Zone;http://marineregions.org/mrgid/3293;North Sea;http://marineregions.org/mrgid/2350;valid;NA;NA;NA;NA;NA;NA;trusted
Pygospio elegans;131170;Pygospio elegans;131170;Animalia;Annelida;Polychaeta;Spionida;Spionidae;Pygospio;Belgian Exclusive Economic Zone;http://marineregions.org/mrgid/3293;Belgium;http://marineregions.org/mrgid/14;valid;NA;NA;NA;NA;NA;NA;unreviewed
Scolelepis bonnieri;131171;Scolelepis bonnieri;131171;Animalia;Annelida;Polychaeta;Spionida;Spionidae;Scolelepis;Belgian Exclusive Economic Zone;http://marineregions.org/mrgid/3293;Belgium;http://marineregions.org/mrgid/14;valid;NA;NA;NA;NA;NA;NA;unreviewed
Scolelepis ciliata;155543;Scolelepis ciliata;155543;Animalia;Annelida;Polychaeta;Spionida;Spionidae;Scolelepis;North Sea;http://marineregions.org/mrgid/2350;North Sea;http://marineregions.org/mrgid/2350;valid;NA;NA;NA;NA;55.3300018310547;3;unreviewed
Scolelepis foliosa;131173;Scolelepis foliosa;131173;Animalia;Annelida;Polychaeta;Spionida;Spionidae;Scolelepis;Belgian Exclusive Economic Zone;http://marineregions.org/mrgid/3293;Belgium;http://marineregions.org/mrgid/14;valid;NA;NA;NA;NA;NA;NA;unreviewed
Scolelepis fuliginosa;155542;Scolelepis fuliginosa;155542;Animalia;Annelida;Polychaeta;Spionida;Spionidae;Scolelepis;North Sea;http://marineregions.org/mrgid/2350;North Sea;http://marineregions.org/mrgid/2350;valid;NA;NA;NA;NA;55.3300018310547;3;unreviewed
Scolelepis korsuni;131174;Scolelepis korsuni;131174;Animalia;Annelida;Polychaeta;Spionida;Spionidae;Scolelepis;Norwegian part of the North Sea;http://marineregions.org/mrgid/25233;North Sea;http://marineregions.org/mrgid/2350;valid;NA;Alien;Uncertain;Reported;NA;NA;trusted
Scolelepis squamata;131177;Scolelepis squamata;131177;Animalia;Annelida;Polychaeta;Spionida;Spionidae;Scolelepis;Belgian Exclusive Economic Zone;http://marineregions.org/mrgid/3293;Belgium;http://marineregions.org/mrgid/14;valid;NA;NA;NA;NA;NA;NA;unreviewed
Scolelepis squamatus;334751;Scolelepis squamatus;334751;Animalia;Annelida;Polychaeta;Spionida;Spionidae;Scolelepis;Belgian Exclusive Economic Zone;http://marineregions.org/mrgid/3293;North Sea;http://marineregions.org/mrgid/2350;valid;NA;NA;NA;NA;NA;NA;unreviewed
Scolelepis tridentata;131178;Scolelepis tridentata;131178;Animalia;Annelida;Polychaeta;Spionida;Spionidae;Scolelepis;Belgian Exclusive Economic Zone;http://marineregions.org/mrgid/3293;North Sea;http://marineregions.org/mrgid/2350;valid;NA;NA;NA;NA;NA;NA;unreviewed
Scolelepis vulgaris;334752;Nereis aries;338474;Animalia;Annelida;Polychaeta;Spionida;Spionidae;Scolelepis;United Kingdom Exclusive Economic Zone;http://marineregions.org/mrgid/5696;NA;NA;valid;holotype;NA;NA;NA;NA;NA;checked
Spio cirrata;340211;Spio cirrata;340211;Animalia;Annelida;Polychaeta;Spionida;Spionidae;Spio;North Sea;http://marineregions.org/mrgid/2350;NA;NA;valid;holotype;NA;NA;NA;NA;NA;checked
Spio crenaticornis;131181;Spio crenaticornis;131181;Animalia;Annelida;Polychaeta;Spionida;Spionidae;Spio;United Kingdom Exclusive Economic Zone;http://marineregions.org/mrgid/5696;NA;NA;valid;holotype;NA;NA;NA;NA;NA;checked
Spio filicornis;131183;Spio filicornis;131183;Animalia;Annelida;Polychaeta;Spionida;Spionidae;Spio;North Sea;http://marineregions.org/mrgid/2350;North Sea;http://marineregions.org/mrgid/2350;valid;NA;NA;NA;NA;NA;NA;unreviewed
Spio gattyi;338559;Spio gattyi;338559;Animalia;Annelida;Polychaeta;Spionida;Spionidae;Spio;United Kingdom Exclusive Economic Zone;http://marineregions.org/mrgid/5696;NA;NA;valid;holotype;NA;NA;NA;NA;NA;checked
Spio goniocephala;131184;Spio goniocephala;131184;Animalia;Annelida;Polychaeta;Spionida;Spionidae;Spio;Belgian Exclusive Economic Zone;http://marineregions.org/mrgid/3293;North Sea;http://marineregions.org/mrgid/2350;valid;NA;NA;NA;NA;NA;NA;unreviewed
Spio martinensis;131185;Spio martinensis;131185;Animalia;Annelida;Polychaeta;Spionida;Spionidae;Spio;Belgian Exclusive Economic Zone;http://marineregions.org/mrgid/3293;North Sea;http://marineregions.org/mrgid/2350;valid;NA;NA;NA;NA;NA;NA;unreviewed
Spio parva;334827;Nereis parva;338437;Animalia;Annelida;Polychaeta;Spionida;Spionidae;Spio;United Kingdom Exclusive Economic Zone;http://marineregions.org/mrgid/5696;NA;NA;valid;holotype;NA;NA;NA;NA;NA;checked
Spio symphyta;596189;Spio symphyta;596189;Animalia;Annelida;Polychaeta;Spionida;Spionidae;Spio;Danish part of the North Sea;http://marineregions.org/mrgid/25231;NA;NA;valid;holotype;NA;NA;NA;55.217667;6.85495;checked
Spio viridis;338567;Spio viridis;338567;Animalia;Annelida;Polychaeta;Spionida;Spionidae;Spio;United Kingdom Exclusive Economic Zone;http://marineregions.org/mrgid/5696;NA;NA;valid;holotype;NA;NA;NA;NA;NA;checked
Spiophanes bombyx;131187;Spiophanes bombyx;131187;Animalia;Annelida;Polychaeta;Spionida;Spionidae;Spiophanes;North Sea;http://marineregions.org/mrgid/2350;North Sea;http://marineregions.org/mrgid/2350;valid;NA;NA;NA;NA;NA;NA;unreviewed
Spiophanes kroyeri;131188;Spiophanes kroyeri;131188;Animalia;Annelida;Polychaeta;Spionida;Spionidae;Spiophanes;Belgian Exclusive Economic Zone;http://marineregions.org/mrgid/3293;Belgium;http://marineregions.org/mrgid/14;valid;NA;NA;NA;NA;NA;NA;unreviewed
Streblospio benedicti;131191;Streblospio benedicti;131191;Animalia;Annelida;Polychaeta;Spionida;Spionidae;Streblospio;Atlantic Europe;http://marineregions.org/mrgid/9230;NA;NA;valid;NA;Alien;NA;NA;NA;NA;unreviewed
Streblospio shrubsolii;131193;Streblospio shrubsolii;131193;Animalia;Annelida;Polychaeta;Spionida;Spionidae;Streblospio;Belgian Exclusive Economic Zone;http://marineregions.org/mrgid/3293;North Sea;http://marineregions.org/mrgid/2350;valid;NA;NA;NA;NA;NA;NA;unreviewed
Pherusa flabellata;130110;Pherusa flabellata;130110;Animalia;Annelida;Polychaeta;Terebellida;Flabelligeridae;Pherusa;Belgian Exclusive Economic Zone;http://marineregions.org/mrgid/3293;Belgium;http://marineregions.org/mrgid/14;doubtful;NA;NA;NA;NA;NA;NA;unreviewed
Pherusa plumosa;130113;Flemingia muricata;336891;Animalia;Annelida;Polychaeta;Terebellida;Flabelligeridae;Pherusa;United Kingdom Exclusive Economic Zone;http://marineregions.org/mrgid/5696;NA;NA;valid;holotype;NA;NA;NA;NA;NA;checked
Herrmannella duggani;128860;Herrmannella duggani;128860;Animalia;Arthropoda;Copepoda;Cyclopoida;Lichomolgidae;Herrmannella;Atlantic Europe;http://marineregions.org/mrgid/9230;NA;NA;valid;NA;Alien;NA;NA;NA;NA;unreviewed
Mytilicola intestinalis;128900;Mytilicola intestinalis;128900;Animalia;Arthropoda;Copepoda;Cyclopoida;Mytilicolidae;Mytilicola;Atlantic Europe;http://marineregions.org/mrgid/9230;NA;NA;valid;NA;Alien;NA;NA;NA;NA;unreviewed
Mytilicola orientalis;128901;Mytilicola orientalis;128901;Animalia;Arthropoda;Copepoda;Cyclopoida;Mytilicolidae;Mytilicola;Atlantic Europe;http://marineregions.org/mrgid/9230;NA;NA;valid;NA;Alien;NA;NA;NA;NA;unreviewed
Tisbe furcata;116665;Tisbe furcata;116665;Animalia;Arthropoda;Copepoda;Harpacticoida;Tisbidae;Tisbe;Belgian Exclusive Economic Zone;http://marineregions.org/mrgid/3293;Belgium;http://marineregions.org/mrgid/14;valid;NA;NA;NA;NA;NA;NA;unreviewed
Caprella andreae;101825;Caprella andreae;101825;Animalia;Arthropoda;Malacostraca;Amphipoda;Caprellidae;Caprella;North Sea;http://marineregions.org/mrgid/2350;North Sea;http://marineregions.org/mrgid/2350;valid;NA;NA;NA;NA;NA;NA;checked
Caprella linearis;101839;Caprella linearis;101839;Animalia;Arthropoda;Malacostraca;Amphipoda;Caprellidae;Caprella;Belgian Exclusive Economic Zone;http://marineregions.org/mrgid/3293;Belgium;http://marineregions.org/mrgid/14;valid;NA;NA;NA;NA;NA;NA;unreviewed
Caprella macho;147473;Caprella macho;147473;Animalia;Arthropoda;Malacostraca;Amphipoda;Caprellidae;Caprella;North Sea;http://marineregions.org/mrgid/2350;North Sea;http://marineregions.org/mrgid/2350;valid;NA;Alien;NA;NA;NA;NA;unreviewed
Caprella mutica;146768;Caprella mutica;146768;Animalia;Arthropoda;Malacostraca;Amphipoda;Caprellidae;Caprella;North Sea;http://marineregions.org/mrgid/2350;North Sea;http://marineregions.org/mrgid/2350;valid;NA;Alien;NA;NA;NA;NA;checked
Caprella tuberculata;101853;Caprella tuberculata;101853;Animalia;Arthropoda;Malacostraca;Amphipoda;Caprellidae;Caprella;Belgian Exclusive Economic Zone;http://marineregions.org/mrgid/3293;North Sea;http://marineregions.org/mrgid/2350;valid;NA;NA;NA;NA;NA;NA;unreviewed
Pariambus typicus;101857;Pariambus typicus;101857;Animalia;Arthropoda;Malacostraca;Amphipoda;Caprellidae;Pariambus;Belgian Exclusive Economic Zone;http://marineregions.org/mrgid/3293;Belgium;http://marineregions.org/mrgid/14;valid;NA;NA;NA;NA;NA;NA;unreviewed
Chaetogammarus marinus;148556;Chaetogammarus marinus;148556;Animalia;Arthropoda;Malacostraca;Amphipoda;Gammaridae;Chaetogammarus;Belgian Exclusive Economic Zone;http://marineregions.org/mrgid/3293;North Sea;http://marineregions.org/mrgid/2350;valid;NA;NA;NA;NA;NA;NA;unreviewed
Chaetogammarus trichiatus;734453;Echinogammarus trichiatus;490139;Animalia;Arthropoda;Malacostraca;Amphipoda;Gammaridae;Chaetogammarus;Belgian part of the North Sea;http://marineregions.org/mrgid/26567;Belgium;http://marineregions.org/mrgid/14;valid;NA;Alien;Of concern;Reported;NA;NA;trusted
Dikerogammarus villosus;148586;Dikerogammarus villosus;148586;Animalia;Arthropoda;Malacostraca;Amphipoda;Gammaridae;Dikerogammarus;Belgian part of the North Sea;http://marineregions.org/mrgid/26567;Belgium;http://marineregions.org/mrgid/14;valid;NA;Alien;Not specified;Established;NA;NA;trusted
Echinogammarus berilloni;180160;Echinogammarus berilloni;180160;Animalia;Arthropoda;Malacostraca;Amphipoda;Gammaridae;Echinogammarus;Belgian Exclusive Economic Zone;http://marineregions.org/mrgid/3293;North Sea;http://marineregions.org/mrgid/2350;valid;NA;NA;NA;NA;NA;NA;checked
Echinogammarus trichiatus;490139;Echinogammarus trichiatus;490139;Animalia;Arthropoda;Malacostraca;Amphipoda;Gammaridae;Echinogammarus;Belgian part of the North Sea;http://marineregions.org/mrgid/26567;Belgium;http://marineregions.org/mrgid/14;valid;NA;Alien;Of concern;Reported;NA;NA;trusted
Gammarus chevreuxi;102274;Gammarus chevreuxi;102274;Animalia;Arthropoda;Malacostraca;Amphipoda;Gammaridae;Gammarus;Belgian Exclusive Economic Zone;http://marineregions.org/mrgid/3293;Belgium;http://marineregions.org/mrgid/14;valid;NA;NA;NA;NA;NA;NA;unreviewed
Gammarus crinicornis;102275;Gammarus crinicornis;102275;Animalia;Arthropoda;Malacostraca;Amphipoda;Gammaridae;Gammarus;Belgian Exclusive Economic Zone;http://marineregions.org/mrgid/3293;Belgium;http://marineregions.org/mrgid/14;valid;NA;NA;NA;NA;NA;NA;unreviewed
Gammarus insensibilis;102280;Gammarus insensibilis;102280;Animalia;Arthropoda;Malacostraca;Amphipoda;Gammaridae;Gammarus;Belgian Exclusive Economic Zone;http://marineregions.org/mrgid/3293;North Sea;http://marineregions.org/mrgid/2350;valid;NA;NA;NA;NA;NA;NA;unreviewed
Gammarus locusta;102281;Gammarus locusta;102281;Animalia;Arthropoda;Malacostraca;Amphipoda;Gammaridae;Gammarus;Belgian Exclusive Economic Zone;http://marineregions.org/mrgid/3293;North Sea;http://marineregions.org/mrgid/2350;valid;NA;NA;NA;NA;NA;NA;unreviewed
Gammarus marinus;102283;Gammarus marinus;102283;Animalia;Arthropoda;Malacostraca;Amphipoda;Gammaridae;Gammarus;Belgian Exclusive Economic Zone;http://marineregions.org/mrgid/3293;Belgium;http://marineregions.org/mrgid/14;valid;NA;NA;NA;NA;NA;NA;unreviewed
Gammarus salinus;102292;Gammarus salinus;102292;Animalia;Arthropoda;Malacostraca;Amphipoda;Gammaridae;Gammarus;Belgian Exclusive Economic Zone;http://marineregions.org/mrgid/3293;North Sea;http://marineregions.org/mrgid/2350;valid;NA;NA;NA;NA;NA;NA;unreviewed
Gammarus tigrinus;102296;Gammarus tigrinus;102296;Animalia;Arthropoda;Malacostraca;Amphipoda;Gammaridae;Gammarus;North Sea;http://marineregions.org/mrgid/2350;North Sea;http://marineregions.org/mrgid/2350;valid;NA;Alien;NA;NA;NA;NA;unreviewed
Gammarus zaddachi;102299;Gammarus zaddachi;102299;Animalia;Arthropoda;Malacostraca;Amphipoda;Gammaridae;Gammarus;Belgian Exclusive Economic Zone;http://marineregions.org/mrgid/3293;North Sea;http://marineregions.org/mrgid/2350;valid;NA;NA;NA;NA;NA;NA;unreviewed
Marinogammarus marinus;102303;Chaetogammarus marinus;148556;Animalia;Arthropoda;Malacostraca;Amphipoda;Gammaridae;Marinogammarus;Belgian Exclusive Economic Zone;http://marineregions.org/mrgid/3293;North Sea;http://marineregions.org/mrgid/2350;valid;NA;NA;NA;NA;NA;NA;unreviewed
Marinogammarus obtusatus;102304;Eulimnogammarus obtusatus;102269;Animalia;Arthropoda;Malacostraca;Amphipoda;Gammaridae;Marinogammarus;Belgian Exclusive Economic Zone;http://marineregions.org/mrgid/3293;North Sea;http://marineregions.org/mrgid/2350;valid;NA;NA;NA;NA;NA;NA;unreviewed
Elasmopus rapax;102805;Elasmopus rapax;102805;Animalia;Arthropoda;Malacostraca;Amphipoda;Maeridae;Elasmopus;Belgian Exclusive Economic Zone;http://marineregions.org/mrgid/3293;Belgium;http://marineregions.org/mrgid/14;valid;NA;NA;NA;NA;NA;NA;unreviewed
Asterocarpa humilis;250047;Asterocarpa humilis;250047;Animalia;Chordata;Ascidiacea;Stolidobranchia;Styelidae;Asterocarpa;United Kingdom part of the English Channel;http://marineregions.org/mrgid/25217;English Channel;http://marineregions.org/mrgid/2389;valid;NA;Alien;Uncertain;Established;NA;NA;trusted
Botrylloides diegensis;252278;Botrylloides diegensis;252278;Animalia;Chordata;Ascidiacea;Stolidobranchia;Styelidae;Botrylloides;United Kingdom part of the English Channel;http://marineregions.org/mrgid/25217;English Channel;http://marineregions.org/mrgid/2389;valid;NA;Alien;Uncertain;Established;NA;NA;trusted
Botrylloides violaceus;148715;Botrylloides violaceus;148715;Animalia;Chordata;Ascidiacea;Stolidobranchia;Styelidae;Botrylloides;Belgian Exclusive Economic Zone;http://marineregions.org/mrgid/3293;North Sea;http://marineregions.org/mrgid/2350;valid;NA;Alien;NA;NA;NA;NA;unreviewed
Botryllus schlosseri;103862;Botryllus schlosseri;103862;Animalia;Chordata;Ascidiacea;Stolidobranchia;Styelidae;Botryllus;United Kingdom;http://marineregions.org/mrgid/2208;United Kingdom;http://marineregions.org/mrgid/2208;valid;NA;NA;NA;NA;NA;NA;unreviewed
Botryllus violaceus;268121;Botryllus violaceus;268121;Animalia;Chordata;Ascidiacea;Stolidobranchia;Styelidae;Botryllus;North Sea;http://marineregions.org/mrgid/2350;North Sea;http://marineregions.org/mrgid/2350;valid;NA;Alien;Uncertain;Reported;NA;NA;trusted
Distomus variolosus;103890;Distomus variolosus;103890;Animalia;Chordata;Ascidiacea;Stolidobranchia;Styelidae;Distomus;West Coast of Scotland;http://marineregions.org/mrgid/14299;United Kingdom;http://marineregions.org/mrgid/2208;valid;NA;NA;NA;NA;NA;NA;unreviewed
Styela canopus;103926;Styela canopus;103926;Animalia;Chordata;Ascidiacea;Stolidobranchia;Styelidae;Styela;United Kingdom Exclusive Economic Zone;http://marineregions.org/mrgid/5696;North Atlantic Ocean;http://marineregions.org/mrgid/1912;valid;NA;Alien;Uncertain;Reported;NA;NA;trusted
Styela clava;103929;Styela clava;103929;Animalia;Chordata;Ascidiacea;Stolidobranchia;Styelidae;Styela;Atlantic Europe;http://marineregions.org/mrgid/9230;NA;NA;valid;NA;Alien;NA;NA;NA;NA;unreviewed
Styela mammiculata;253931;Styela mammiculata;253931;Animalia;Chordata;Ascidiacea;Stolidobranchia;Styelidae;Styela;United Kingdom part of the English Channel;http://marineregions.org/mrgid/25217;English Channel;http://marineregions.org/mrgid/2389;valid;NA;Alien;Uncertain;Reported;NA;NA;trusted
Acipenser ruthenus;233941;Acipenser ruthenus;233941;Animalia;Chordata;Chondrostei;Acipenseriformes;Acipenseridae;Acipenser;Dutch part of the North Sea;http://marineregions.org/mrgid/25232;North Sea;http://marineregions.org/mrgid/2350;valid;NA;Origin unknown;Uncertain;Reported;NA;NA;trusted
Acipenser sturio;126279;Acipenser sturio;126279;Animalia;Chordata;Chondrostei;Acipenseriformes;Acipenseridae;Acipenser;Belgian Exclusive Economic Zone;http://marineregions.org/mrgid/3293;North Sea;http://marineregions.org/mrgid/2350;valid;NA;NA;NA;NA;NA;NA;unreviewed
Cystophora cristata;137078;Cystophora cristata;137078;Animalia;Chordata;Mammalia;Carnivora;Phocidae;Cystophora;Belgian Exclusive Economic Zone;http://marineregions.org/mrgid/3293;North Sea;http://marineregions.org/mrgid/2350;doubtful;NA;NA;NA;NA;NA;NA;unreviewed
Cyprinus carpio;154582;Cyprinus carpio;154582;Animalia;Chordata;Teleostei;Cypriniformes;Cyprinidae;Cyprinus;Belgian Exclusive Economic Zone;http://marineregions.org/mrgid/3293;North Sea;http://marineregions.org/mrgid/2350;valid;NA;NA;NA;NA;NA;NA;unreviewed
Leucaspius delineatus;154321;Leucaspius delineatus;154321;Animalia;Chordata;Teleostei;Cypriniformes;Cyprinidae;Leucaspius;Belgian part of the North Sea;http://marineregions.org/mrgid/26567;Belgium;http://marineregions.org/mrgid/14;valid;NA;Alien;Uncertain;Uncertain;NA;NA;trusted
Alcyonium coralloides;125332;Alcyonium coralloides;125332;Animalia;Cnidaria;Octocorallia;Malacalcyonacea;Alcyoniidae;Alcyonium;United Kingdom Exclusive Economic Zone;http://marineregions.org/mrgid/5696;North Atlantic Ocean;http://marineregions.org/mrgid/1912;valid;NA;NA;NA;NA;55.33;-6.22;unreviewed
Alcyonium cydonium;189887;Alcyonium cydonium;189887;Animalia;Cnidaria;Octocorallia;Malacalcyonacea;Alcyoniidae;Alcyonium;North Sea;http://marineregions.org/mrgid/21912;NA;NA;valid;holotype;NA;NA;NA;56.16667;-2.75028;checked
Alcyonium digitatum;125333;Alcyonium digitatum;125333;Animalia;Cnidaria;Octocorallia;Malacalcyonacea;Alcyoniidae;Alcyonium;North Sea;http://marineregions.org/mrgid/2350;North Sea;http://marineregions.org/mrgid/2350;valid;NA;NA;NA;NA;NA;NA;unreviewed
Alcyonium ficus;291632;Alcyonium ficus;291632;Animalia;Cnidaria;Octocorallia;Malacalcyonacea;Alcyoniidae;Alcyonium;United Kingdom Exclusive Economic Zone;http://marineregions.org/mrgid/5696;North Atlantic Ocean;http://marineregions.org/mrgid/1912;valid;NA;NA;NA;NA;NA;NA;checked
Alcyonium glomeratum;132159;Alcyonium glomeratum;132159;Animalia;Cnidaria;Octocorallia;Malacalcyonacea;Alcyoniidae;Alcyonium;West Coast of Scotland;http://marineregions.org/mrgid/14299;United Kingdom;http://marineregions.org/mrgid/2208;valid;NA;NA;NA;NA;NA;NA;unreviewed
Alcyonium tomentosum;151649;Alcyonium tomentosum;151649;Animalia;Cnidaria;Octocorallia;Malacalcyonacea;Alcyoniidae;Alcyonium;Belgian Exclusive Economic Zone;http://marineregions.org/mrgid/3293;North Sea;http://marineregions.org/mrgid/2350;valid;NA;NA;NA;NA;NA;NA;unreviewed
Beroe cucumis;106358;Beroe cucumis;106358;Animalia;Ctenophora;Nuda;Beroida;Beroidae;Beroe;North Sea;http://marineregions.org/mrgid/2350;North Sea;http://marineregions.org/mrgid/2350;valid;NA;NA;NA;NA;NA;NA;unreviewed
Beroe gracilis;106361;Beroe gracilis;106361;Animalia;Ctenophora;Nuda;Beroida;Beroidae;Beroe;Belgian Exclusive Economic Zone;http://marineregions.org/mrgid/3293;Belgium;http://marineregions.org/mrgid/14;valid;NA;NA;NA;NA;NA;NA;unreviewed
Beroe ovata;1719780;Beroe ovatus;106362;Animalia;Ctenophora;Nuda;Beroida;Beroidae;Beroe;Belgian Exclusive Economic Zone;http://marineregions.org/mrgid/3293;North Sea;http://marineregions.org/mrgid/2350;valid;NA;NA;NA;NA;NA;NA;unreviewed
Beroe ovatus;106362;Beroe ovatus;106362;Animalia;Ctenophora;Nuda;Beroida;Beroidae;Beroe;Belgian Exclusive Economic Zone;http://marineregions.org/mrgid/3293;North Sea;http://marineregions.org/mrgid/2350;valid;NA;NA;NA;NA;NA;NA;unreviewed
Ensis americanus;152356;Ensis americanus;152356;Animalia;Mollusca;Bivalvia;Adapedonta;Pharidae;Ensis;North Sea;http://marineregions.org/mrgid/2350;North Sea;http://marineregions.org/mrgid/2350;valid;NA;Alien;NA;NA;NA;NA;unreviewed
Ensis arcuatus;140731;Ensis arcuatus;140731;Animalia;Mollusca;Bivalvia;Adapedonta;Pharidae;Ensis;Belgian Exclusive Economic Zone;http://marineregions.org/mrgid/3293;North Sea;http://marineregions.org/mrgid/2350;valid;NA;NA;NA;NA;NA;NA;unreviewed
Ensis directus;140732;Ensis directus;140732;Animalia;Mollusca;Bivalvia;Adapedonta;Pharidae;Ensis;French part of Greater North Sea;http://marineregions.org/mrgid/63297;France;http://marineregions.org/mrgid/17;valid;NA;Alien;NA;NA;NA;NA;checked
Ensis ensis;140733;Ensis ensis;140733;Animalia;Mollusca;Bivalvia;Adapedonta;Pharidae;Ensis;North Sea;http://marineregions.org/mrgid/2350;North Sea;http://marineregions.org/mrgid/2350;valid;NA;NA;NA;NA;NA;NA;unreviewed
Ensis leei;876640;Ensis leei;876640;Animalia;Mollusca;Bivalvia;Adapedonta;Pharidae;Ensis;Belgian part of the North Sea;http://marineregions.org/mrgid/26567;Belgium;http://marineregions.org/mrgid/14;valid;NA;Alien;NA;NA;NA;NA;trusted
Ensis magnus;160539;Ensis arcuatus;140731;Animalia;Mollusca;Bivalvia;Adapedonta;Pharidae;Ensis;Belgian Exclusive Economic Zone;http://marineregions.org/mrgid/3293;North Sea;http://marineregions.org/mrgid/2350;valid;NA;NA;NA;NA;NA;NA;unreviewed
Ensis minor;140734;Ensis minor;140734;Animalia;Mollusca;Bivalvia;Adapedonta;Pharidae;Ensis;Belgian Exclusive Economic Zone;http://marineregions.org/mrgid/3293;Belgium;http://marineregions.org/mrgid/14;valid;NA;NA;NA;NA;NA;NA;unreviewed
Ensis phaxoides;152280;Ensis phaxoides;152280;Animalia;Mollusca;Bivalvia;Adapedonta;Pharidae;Ensis;Belgian Exclusive Economic Zone;http://marineregions.org/mrgid/3293;North Sea;http://marineregions.org/mrgid/2350;valid;NA;NA;NA;NA;NA;NA;unreviewed
Ensis siliqua;140735;Ensis siliqua;140735;Animalia;Mollusca;Bivalvia;Adapedonta;Pharidae;Ensis;Belgian Exclusive Economic Zone;http://marineregions.org/mrgid/3293;Belgium;http://marineregions.org/mrgid/14;valid;NA;NA;NA;NA;NA;NA;unreviewed
Phaxas pellucidus;140737;Phaxas pellucidus;140737;Animalia;Mollusca;Bivalvia;Adapedonta;Pharidae;Phaxas;North Sea;http://marineregions.org/mrgid/2350;North Sea;http://marineregions.org/mrgid/2350;valid;NA;NA;NA;NA;NA;NA;unreviewed
Siliqua bavarica;1757669;Siliqua bavarica;1757669;Animalia;Mollusca;Bivalvia;Adapedonta;Pharidae;Siliqua;Germany;http://marineregions.org/mrgid/48115;NA;NA;valid;holotype;NA;NA;NA;NA;NA;checked
Mendicula ferruginosa;152905;Mendicula ferruginosa;152905;Animalia;Mollusca;Bivalvia;Lucinida;Thyasiridae;Mendicula;North Sea;http://marineregions.org/mrgid/2350;North Sea;http://marineregions.org/mrgid/2350;valid;NA;NA;NA;NA;55.3300018310547;3;unreviewed
Mendicula pygmaea;152424;Mendicula pygmaea;152424;Animalia;Mollusca;Bivalvia;Lucinida;Thyasiridae;Mendicula;North Sea;http://marineregions.org/mrgid/2350;North Sea;http://marineregions.org/mrgid/2350;valid;NA;NA;NA;NA;55.3300018310547;3;unreviewed
Thyasira croulinensis;141658;Thyasira croulinensis;141658;Animalia;Mollusca;Bivalvia;Lucinida;Thyasiridae;Thyasira;West Coast of Scotland;http://marineregions.org/mrgid/14299;United Kingdom;http://marineregions.org/mrgid/2208;valid;NA;NA;NA;NA;NA;NA;unreviewed
Thyasira equalis;141659;Thyasira equalis;141659;Animalia;Mollusca;Bivalvia;Lucinida;Thyasiridae;Thyasira;North Sea;http://marineregions.org/mrgid/2350;North Sea;http://marineregions.org/mrgid/2350;valid;NA;NA;NA;NA;NA;NA;unreviewed
Thyasira ferruginea;141661;Thyasira ferruginea;141661;Animalia;Mollusca;Bivalvia;Lucinida;Thyasiridae;Thyasira;West Coast of Scotland;http://marineregions.org/mrgid/14299;United Kingdom;http://marineregions.org/mrgid/2208;valid;NA;NA;NA;NA;NA;NA;unreviewed
Thyasira flexuosa;141662;Thyasira flexuosa;141662;Animalia;Mollusca;Bivalvia;Lucinida;Thyasiridae;Thyasira;North Sea;http://marineregions.org/mrgid/2350;North Sea;http://marineregions.org/mrgid/2350;valid;NA;NA;NA;NA;NA;NA;unreviewed
Thyasira gouldii;141663;Thyasira gouldii;141663;Animalia;Mollusca;Bivalvia;Lucinida;Thyasiridae;Thyasira;North Sea;http://marineregions.org/mrgid/2350;North Sea;http://marineregions.org/mrgid/2350;valid;NA;NA;NA;NA;NA;NA;unreviewed
Thyasira granulosa;141664;Thyasira granulosa;141664;Animalia;Mollusca;Bivalvia;Lucinida;Thyasiridae;Thyasira;North Sea;http://marineregions.org/mrgid/2350;North Sea;http://marineregions.org/mrgid/2350;valid;NA;NA;NA;NA;NA;NA;unreviewed
Thyasira obsoleta;141668;Thyasira obsoleta;141668;Animalia;Mollusca;Bivalvia;Lucinida;Thyasiridae;Thyasira;North Sea;http://marineregions.org/mrgid/2350;North Sea;http://marineregions.org/mrgid/2350;valid;NA;NA;NA;NA;NA;NA;unreviewed
Thyasira polygona;875219;Axinus flexuosus var. polygona;752853;Animalia;Mollusca;Bivalvia;Lucinida;Thyasiridae;Thyasira;North Sea;http://marineregions.org/mrgid/2350;North Sea;http://marineregions.org/mrgid/2350;valid;NA;NA;NA;NA;55.3300018310547;3;unreviewed
Thyasira sarsii;141672;Thyasira sarsii;141672;Animalia;Mollusca;Bivalvia;Lucinida;Thyasiridae;Thyasira;North Sea;http://marineregions.org/mrgid/2350;North Sea;http://marineregions.org/mrgid/2350;valid;NA;NA;NA;NA;NA;NA;unreviewed
Thyasira succisa;141676;Thyasira succisa;141676;Animalia;Mollusca;Bivalvia;Lucinida;Thyasiridae;Thyasira;North Sea;http://marineregions.org/mrgid/2350;North Sea;http://marineregions.org/mrgid/2350;valid;NA;NA;NA;NA;NA;NA;unreviewed
Lutraria angustior;140294;Lutraria angustior;140294;Animalia;Mollusca;Bivalvia;Venerida;Mactridae;Lutraria;Belgian Exclusive Economic Zone;http://marineregions.org/mrgid/3293;North Sea;http://marineregions.org/mrgid/2350;valid;NA;NA;NA;NA;NA;NA;unreviewed
Lutraria lutraria;140295;Lutraria lutraria;140295;Animalia;Mollusca;Bivalvia;Venerida;Mactridae;Lutraria;Belgian Exclusive Economic Zone;http://marineregions.org/mrgid/3293;Belgium;http://marineregions.org/mrgid/14;valid;NA;NA;NA;NA;NA;NA;unreviewed
Lutraria magna;140296;Lutraria magna;140296;Animalia;Mollusca;Bivalvia;Venerida;Mactridae;Lutraria;Belgian Exclusive Economic Zone;http://marineregions.org/mrgid/3293;North Sea;http://marineregions.org/mrgid/2350;valid;NA;NA;NA;NA;NA;NA;unreviewed
Lutraria oblonga;152852;Lutraria magna;140296;Animalia;Mollusca;Bivalvia;Venerida;Mactridae;Lutraria;Belgian Exclusive Economic Zone;http://marineregions.org/mrgid/3293;North Sea;http://marineregions.org/mrgid/2350;valid;NA;NA;NA;NA;NA;NA;unreviewed
Mactra cinerea;151614;Mactra cinerea;151614;Animalia;Mollusca;Bivalvia;Venerida;Mactridae;Mactra;Belgian Exclusive Economic Zone;http://marineregions.org/mrgid/3293;North Sea;http://marineregions.org/mrgid/2350;valid;NA;NA;NA;NA;NA;NA;unreviewed
Mactra corallina;151616;Mactra corallina;151616;Animalia;Mollusca;Bivalvia;Venerida;Mactridae;Mactra;Belgian Exclusive Economic Zone;http://marineregions.org/mrgid/3293;North Sea;http://marineregions.org/mrgid/2350;valid;NA;NA;NA;NA;NA;NA;unreviewed
Mactra plistoneerlandica;1606971;Mactra corallina plistoneerlandica;1606953;Animalia;Mollusca;Bivalvia;Venerida;Mactridae;Mactra;Netherlands;http://marineregions.org/mrgid/15;NA;NA;valid;holotype;NA;NA;NA;NA;NA;checked
Mactra stultorum;140299;Mactra stultorum;140299;Animalia;Mollusca;Bivalvia;Venerida;Mactridae;Mactra;Belgian Exclusive Economic Zone;http://marineregions.org/mrgid/3293;Belgium;http://marineregions.org/mrgid/14;valid;NA;NA;NA;NA;NA;NA;unreviewed
Rangia cuneata;156991;Rangia cuneata;156991;Animalia;Mollusca;Bivalvia;Venerida;Mactridae;Rangia;Belgian Exclusive Economic Zone;http://marineregions.org/mrgid/3293;North Sea;http://marineregions.org/mrgid/2350;valid;NA;Alien;NA;NA;NA;NA;unreviewed
Spisula elliptica;140300;Spisula elliptica;140300;Animalia;Mollusca;Bivalvia;Venerida;Mactridae;Spisula;North Sea;http://marineregions.org/mrgid/2350;North Sea;http://marineregions.org/mrgid/2350;valid;NA;NA;NA;NA;NA;NA;unreviewed
Spisula solida;140301;Spisula solida;140301;Animalia;Mollusca;Bivalvia;Venerida;Mactridae;Spisula;Belgian Exclusive Economic Zone;http://marineregions.org/mrgid/3293;North Sea;http://marineregions.org/mrgid/2350;valid;NA;NA;NA;NA;NA;NA;unreviewed
Spisula subtruncata;140302;Spisula subtruncata;140302;Animalia;Mollusca;Bivalvia;Venerida;Mactridae;Spisula;Belgian Exclusive Economic Zone;http://marineregions.org/mrgid/3293;North Sea;http://marineregions.org/mrgid/2350;valid;NA;NA;NA;NA;NA;NA;unreviewed
Callista chione;141906;Callista chione;141906;Animalia;Mollusca;Bivalvia;Venerida;Veneridae;Callista;Belgian Exclusive Economic Zone;http://marineregions.org/mrgid/3293;North Sea;http://marineregions.org/mrgid/2350;valid;NA;NA;NA;NA;NA;NA;unreviewed
Dosinia exoleta;141911;Dosinia exoleta;141911;Animalia;Mollusca;Bivalvia;Venerida;Veneridae;Dosinia;Belgian Exclusive Economic Zone;http://marineregions.org/mrgid/3293;North Sea;http://marineregions.org/mrgid/2350;valid;NA;NA;NA;NA;NA;NA;checked
Dosinia lupinus;141912;Dosinia lupinus;141912;Animalia;Mollusca;Bivalvia;Venerida;Veneridae;Dosinia;Belgian Exclusive Economic Zone;http://marineregions.org/mrgid/3293;North Sea;http://marineregions.org/mrgid/2350;valid;NA;NA;NA;NA;NA;NA;unreviewed
Gouldia minima;141916;Gouldia minima;141916;Animalia;Mollusca;Bivalvia;Venerida;Veneridae;Gouldia;Belgian Exclusive Economic Zone;http://marineregions.org/mrgid/3293;North Sea;http://marineregions.org/mrgid/2350;valid;NA;NA;NA;NA;NA;NA;unreviewed
Mercenaria mercenaria;141919;Mercenaria mercenaria;141919;Animalia;Mollusca;Bivalvia;Venerida;Veneridae;Mercenaria;Belgian Exclusive Economic Zone;http://marineregions.org/mrgid/3293;North Sea;http://marineregions.org/mrgid/2350;valid;NA;NA;NA;NA;NA;NA;unreviewed
Paphia aurea;141920;Paphia aurea;141920;Animalia;Mollusca;Bivalvia;Venerida;Veneridae;Paphia;Belgian Exclusive Economic Zone;http://marineregions.org/mrgid/3293;Belgium;http://marineregions.org/mrgid/14;valid;NA;NA;NA;NA;NA;NA;unreviewed
Paphia rhomboides;141923;Paphia rhomboides;141923;Animalia;Mollusca;Bivalvia;Venerida;Veneridae;Paphia;Belgian Exclusive Economic Zone;http://marineregions.org/mrgid/3293;North Sea;http://marineregions.org/mrgid/2350;valid;NA;NA;NA;NA;NA;NA;unreviewed
Rzehakia guembeli;1500801;Venerupis guembeli;1502842;Animalia;Mollusca;Bivalvia;Venerida;Veneridae;Rzehakia;Germany;http://marineregions.org/mrgid/2101;NA;NA;valid;holotype;NA;NA;NA;NA;NA;checked
Rzehakia partschi;1500798;Tapes partschi;1503195;Animalia;Mollusca;Bivalvia;Venerida;Veneridae;Rzehakia;Germany;http://marineregions.org/mrgid/2101;NA;NA;valid;holotype;NA;NA;NA;NA;NA;checked
Tapes partschi;1503195;Tapes partschi;1503195;Animalia;Mollusca;Bivalvia;Venerida;Veneridae;Tapes;Germany;http://marineregions.org/mrgid/2101;NA;NA;valid;holotype;NA;NA;NA;NA;NA;checked
Timoclea ovata;141929;Timoclea ovata;141929;Animalia;Mollusca;Bivalvia;Venerida;Veneridae;Timoclea;North Sea;http://marineregions.org/mrgid/2350;North Sea;http://marineregions.org/mrgid/2350;valid;NA;NA;NA;NA;NA;NA;unreviewed
Venerupis corrugata;181364;Venerupis pullastra;141932;Animalia;Mollusca;Bivalvia;Venerida;Veneridae;Venerupis;Belgian Exclusive Economic Zone;http://marineregions.org/mrgid/3293;North Sea;http://marineregions.org/mrgid/2350;valid;NA;NA;NA;NA;NA;NA;unreviewed
Venerupis decussata;422914;Venerupis decussata;422914;Animalia;Mollusca;Bivalvia;Venerida;Veneridae;Venerupis;Belgian Exclusive Economic Zone;http://marineregions.org/mrgid/3293;North Sea;http://marineregions.org/mrgid/2350;valid;NA;NA;NA;NA;NA;NA;unreviewed
Venerupis geographica;141931;Venerupis geographica;141931;Animalia;Mollusca;Bivalvia;Venerida;Veneridae;Venerupis;Belgian Exclusive Economic Zone;http://marineregions.org/mrgid/3293;North Sea;http://marineregions.org/mrgid/2350;valid;NA;NA;NA;NA;NA;NA;unreviewed
Venerupis guembeli;1502842;Venerupis guembeli;1502842;Animalia;Mollusca;Bivalvia;Venerida;Veneridae;Venerupis;Germany;http://marineregions.org/mrgid/2101;NA;NA;valid;holotype;NA;NA;NA;NA;NA;checked
Venerupis pullastra;141932;Venerupis pullastra;141932;Animalia;Mollusca;Bivalvia;Venerida;Veneridae;Venerupis;Belgian Exclusive Economic Zone;http://marineregions.org/mrgid/3293;North Sea;http://marineregions.org/mrgid/2350;valid;NA;NA;NA;NA;NA;NA;unreviewed
Venerupis senegalensis;146955;Venerupis senegalensis;146955;Animalia;Mollusca;Bivalvia;Venerida;Veneridae;Venerupis;Belgian Exclusive Economic Zone;http://marineregions.org/mrgid/3293;Belgium;http://marineregions.org/mrgid/14;valid;NA;NA;NA;NA;NA;NA;checked
Venus bosqueti;1762906;Venus bosqueti;1762906;Animalia;Mollusca;Bivalvia;Venerida;Veneridae;Venus;Belgium;http://marineregions.org/mrgid/47978;NA;NA;valid;holotype;NA;NA;NA;NA;NA;checked
Venus casina;141934;Venus casina;141934;Animalia;Mollusca;Bivalvia;Venerida;Veneridae;Venus;Belgian Exclusive Economic Zone;http://marineregions.org/mrgid/3293;Belgium;http://marineregions.org/mrgid/14;doubtful;NA;NA;NA;NA;NA;NA;unreviewed
Venus fragilis;732488;Venus fragilis;732488;Animalia;Mollusca;Bivalvia;Venerida;Veneridae;Venus;Belgium;http://marineregions.org/mrgid/14;NA;NA;valid;holotype;NA;NA;NA;NA;NA;checked
Venus menkei;1541876;Venus menkei;1541876;Animalia;Mollusca;Bivalvia;Venerida;Veneridae;Venus;Germany;http://marineregions.org/mrgid/48115;NA;NA;valid;holotype;NA;NA;NA;NA;NA;checked
Venus prisca;1662291;Venus prisca;1662291;Animalia;Mollusca;Bivalvia;Venerida;Veneridae;Venus;Germany;http://marineregions.org/mrgid/48115;NA;NA;valid;holotype;NA;NA;NA;NA;NA;checked
Venus verrucosa;141936;Venus verrucosa;141936;Animalia;Mollusca;Bivalvia;Venerida;Veneridae;Venus;Belgian Exclusive Economic Zone;http://marineregions.org/mrgid/3293;North Sea;http://marineregions.org/mrgid/2350;valid;NA;NA;NA;NA;NA;NA;unreviewed
Pandora inaequivalvis;140674;Pandora inaequivalvis;140674;Animalia;Mollusca;Bivalvia;NA;Pandoridae;Pandora;Belgian Exclusive Economic Zone;http://marineregions.org/mrgid/3293;North Sea;http://marineregions.org/mrgid/2350;doubtful;NA;NA;NA;NA;NA;NA;unreviewed
Calyptraea chinensis;138961;Calyptraea chinensis;138961;Animalia;Mollusca;Gastropoda;Littorinimorpha;Calyptraeidae;Calyptraea;Belgian Exclusive Economic Zone;http://marineregions.org/mrgid/3293;Belgium;http://marineregions.org/mrgid/14;valid;NA;NA;NA;NA;NA;NA;unreviewed
Crepidula cretacea;1613387;Crepidula cretacea;1613387;Animalia;Mollusca;Gastropoda;Littorinimorpha;Calyptraeidae;Crepidula;Netherlands;http://marineregions.org/mrgid/48354;NA;NA;valid;holotype;NA;NA;NA;NA;NA;checked
Crepidula decussata;1394245;Crepidula decussata;1394245;Animalia;Mollusca;Gastropoda;Littorinimorpha;Calyptraeidae;Crepidula;Germany;http://marineregions.org/mrgid/2101;NA;NA;valid;holotype;NA;NA;NA;NA;NA;checked
Crepidula fornicata;138963;Crepidula fornicata;138963;Animalia;Mollusca;Gastropoda;Littorinimorpha;Calyptraeidae;Crepidula;Belgian Exclusive Economic Zone;http://marineregions.org/mrgid/3293;Belgium;http://marineregions.org/mrgid/14;valid;NA;NA;NA;NA;NA;NA;unreviewed
Sigapatella montensis;1304489;Sigapatella montensis;1304489;Animalia;Mollusca;Gastropoda;Littorinimorpha;Calyptraeidae;Sigapatella;Belgium;http://marineregions.org/mrgid/14;NA;NA;valid;holotype;NA;NA;NA;NA;NA;checked
Rissoa costata;868699;Rissoa costata;868699;Animalia;Mollusca;Gastropoda;Littorinimorpha;Rissoidae;Rissoa;Germany;http://marineregions.org/mrgid/48115;NA;NA;valid;holotype;NA;NA;NA;NA;NA;checked
Rissoa craticula;871501;Rissoa craticula;871501;Animalia;Mollusca;Gastropoda;Littorinimorpha;Rissoidae;Rissoa;Belgium;http://marineregions.org/mrgid/47978;NA;NA;valid;holotype;NA;NA;NA;50.454;3.952;checked
Rissoa dubia;1699249;Rissoa dubia;1699249;Animalia;Mollusca;Gastropoda;Littorinimorpha;Rissoidae;Rissoa;Germany;http://marineregions.org/mrgid/2101;Germany;http://marineregions.org/mrgid/2101;valid;NA;NA;NA;NA;NA;NA;checked
Rissoa guerinii;141353;Rissoa guerinii;141353;Animalia;Mollusca;Gastropoda;Littorinimorpha;Rissoidae;Rissoa;Belgian Exclusive Economic Zone;http://marineregions.org/mrgid/3293;Belgium;http://marineregions.org/mrgid/14;valid;NA;NA;NA;NA;NA;NA;unreviewed
Rissoa incerta;1673241;Rissoa incerta;1673241;Animalia;Mollusca;Gastropoda;Littorinimorpha;Rissoidae;Rissoa;Belgium;http://marineregions.org/mrgid/14;Belgium;http://marineregions.org/mrgid/14;valid;NA;NA;NA;NA;NA;NA;checked
Rissoa incrassata;1550703;Rissoa costata;868699;Animalia;Mollusca;Gastropoda;Littorinimorpha;Rissoidae;Rissoa;Germany;http://marineregions.org/mrgid/48115;NA;NA;valid;holotype;NA;NA;NA;NA;NA;checked
Rissoa inflexicosta;1673235;Rissoa pulchra;1673236;Animalia;Mollusca;Gastropoda;Littorinimorpha;Rissoidae;Rissoa;Belgium;http://marineregions.org/mrgid/14;Belgium;http://marineregions.org/mrgid/14;valid;NA;NA;NA;NA;NA;NA;checked
Rissoa liasina;1448865;Rissoa liasina;1448865;Animalia;Mollusca;Gastropoda;Littorinimorpha;Rissoidae;Rissoa;Germany;http://marineregions.org/mrgid/48115;NA;NA;valid;holotype;NA;NA;NA;NA;NA;checked
Rissoa membranacea;141359;Rissoa membranacea;141359;Animalia;Mollusca;Gastropoda;Littorinimorpha;Rissoidae;Rissoa;Belgian Exclusive Economic Zone;http://marineregions.org/mrgid/3293;Belgium;http://marineregions.org/mrgid/14;doubtful;NA;NA;NA;NA;NA;NA;unreviewed
Rissoa parva;141365;Rissoa parva;141365;Animalia;Mollusca;Gastropoda;Littorinimorpha;Rissoidae;Rissoa;Belgian Exclusive Economic Zone;http://marineregions.org/mrgid/3293;North Sea;http://marineregions.org/mrgid/2350;valid;NA;NA;NA;NA;NA;NA;unreviewed
Rissoa pulchra;1673236;Rissoa pulchra;1673236;Animalia;Mollusca;Gastropoda;Littorinimorpha;Rissoidae;Rissoa;Belgium;http://marineregions.org/mrgid/14;Belgium;http://marineregions.org/mrgid/14;valid;NA;NA;NA;NA;NA;NA;checked
Rissoa punctatissima;870853;Rissoa punctatissima;870853;Animalia;Mollusca;Gastropoda;Littorinimorpha;Rissoidae;Rissoa;Germany;http://marineregions.org/mrgid/2101;Germany;http://marineregions.org/mrgid/2101;valid;NA;NA;NA;NA;NA;NA;checked
Rissoa sandbergeri;1550701;Rissoa sandbergeri;1550701;Animalia;Mollusca;Gastropoda;Littorinimorpha;Rissoidae;Rissoa;Germany;http://marineregions.org/mrgid/2101;Germany;http://marineregions.org/mrgid/2101;valid;NA;NA;NA;NA;NA;NA;checked
Rissoa triasina;1308236;Rissoa triasina;1308236;Animalia;Mollusca;Gastropoda;Littorinimorpha;Rissoidae;Rissoa;Germany;http://marineregions.org/mrgid/2101;Germany;http://marineregions.org/mrgid/2101;valid;NA;NA;NA;NA;NA;NA;checked
Rissoa violacea;141374;Rissoa violacea;141374;Animalia;Mollusca;Gastropoda;Littorinimorpha;Rissoidae;Rissoa;West Coast of Scotland;http://marineregions.org/mrgid/14299;United Kingdom;http://marineregions.org/mrgid/2208;valid;NA;NA;NA;NA;NA;NA;unreviewed
Rissoa winkleri;868700;Rissoa winkleri;868700;Animalia;Mollusca;Gastropoda;Littorinimorpha;Rissoidae;Rissoa;Germany;http://marineregions.org/mrgid/2101;Germany;http://marineregions.org/mrgid/2101;valid;NA;NA;NA;NA;NA;NA;checked
Potamopyrgus antipodarum;147123;Potamopyrgus antipodarum;147123;Animalia;Mollusca;Gastropoda;Littorinimorpha;Tateidae;Potamopyrgus;Belgian Exclusive Economic Zone;http://marineregions.org/mrgid/3293;North Sea;http://marineregions.org/mrgid/2350;valid;NA;NA;NA;NA;NA;NA;unreviewed
Potamopyrgus jenkinsi;153760;Potamopyrgus jenkinsi;153760;Animalia;Mollusca;Gastropoda;Littorinimorpha;Tateidae;Potamopyrgus;Belgian Exclusive Economic Zone;http://marineregions.org/mrgid/3293;North Sea;http://marineregions.org/mrgid/2350;valid;NA;NA;NA;NA;NA;NA;unreviewed
Pseudodactylogyrus anguillae;119498;Pseudodactylogyrus anguillae;119498;Animalia;Platyhelminthes;Monogenea;Dactylogyridea;Pseudodactylogyridae;Pseudodactylogyrus;North Sea;http://marineregions.org/mrgid/2350;North Sea;http://marineregions.org/mrgid/2350;valid;NA;Alien;NA;NA;NA;NA;unreviewed
Pseudodactylogyrus bini;119499;Pseudodactylogyrus bini;119499;Animalia;Platyhelminthes;Monogenea;Dactylogyridea;Pseudodactylogyridae;Pseudodactylogyrus;North Sea;http://marineregions.org/mrgid/2350;North Sea;http://marineregions.org/mrgid/2350;valid;NA;Alien;NA;NA;NA;NA;unreviewed
Euxinia baltica;142883;Euxinia baltica;142883;Animalia;Platyhelminthes;NA;Prolecithophora;Pseudostomidae;Euxinia;Germany;http://marineregions.org/mrgid/2101;NA;NA;valid;holotype;NA;NA;NA;54.583332;10.583333;checked
Chrysochromulina polylepis;115127;Chrysochromulina polylepis;115127;Chromista;Haptophyta;Coccolithophyceae;Prymnesiales;Chrysochromulinaceae;Chrysochromulina;North Sea;http://marineregions.org/mrgid/2350;NA;NA;valid;holotype;NA;NA;NA;50.183333333333;-4.2166666666667;trusted
Prymnesium polylepis;670030;Chrysochromulina polylepis;115127;Chromista;Haptophyta;Coccolithophyceae;Prymnesiales;Prymnesiaceae;Prymnesium;North Sea;http://marineregions.org/mrgid/2350;NA;NA;valid;holotype;NA;NA;NA;50.183333333333;-4.2166666666667;trusted
Bacteriastrum hyalinum;149119;Bacteriastrum hyalinum;149119;Chromista;Heterokontophyta;Bacillariophyceae;Chaetocerotanae incertae sedis;Chaetocerotaceae;Bacteriastrum;North Sea;http://marineregions.org/mrgid/2350;North Sea;http://marineregions.org/mrgid/2350;valid;NA;NA;NA;NA;NA;NA;unreviewed
Chaetoceros affinis;149241;Chaetoceros schuttii;149625;Chromista;Heterokontophyta;Bacillariophyceae;Chaetocerotanae incertae sedis;Chaetocerotaceae;Chaetoceros;Belgian Exclusive Economic Zone;http://marineregions.org/mrgid/3293;North Sea;http://marineregions.org/mrgid/2350;valid;NA;NA;NA;NA;NA;NA;unreviewed
Chaetoceros borealis;149124;Chaetoceros borealis;149124;Chromista;Heterokontophyta;Bacillariophyceae;Chaetocerotanae incertae sedis;Chaetocerotaceae;Chaetoceros;North Sea;http://marineregions.org/mrgid/2350;North Sea;http://marineregions.org/mrgid/2350;valid;NA;NA;NA;NA;NA;NA;unreviewed
Chaetoceros cinctus;149622;Chaetoceros cinctus;149622;Chromista;Heterokontophyta;Bacillariophyceae;Chaetocerotanae incertae sedis;Chaetocerotaceae;Chaetoceros;Belgian Exclusive Economic Zone;http://marineregions.org/mrgid/3293;North Sea;http://marineregions.org/mrgid/2350;valid;NA;NA;NA;NA;NA;NA;unreviewed
Chaetoceros compressus;149129;Chaetoceros compressus;149129;Chromista;Heterokontophyta;Bacillariophyceae;Chaetocerotanae incertae sedis;Chaetocerotaceae;Chaetoceros;North Sea;http://marineregions.org/mrgid/2350;North Sea;http://marineregions.org/mrgid/2350;valid;NA;NA;NA;NA;NA;NA;unreviewed
Chaetoceros contortus;149623;Chaetoceros contortus;149623;Chromista;Heterokontophyta;Bacillariophyceae;Chaetocerotanae incertae sedis;Chaetocerotaceae;Chaetoceros;Belgian Exclusive Economic Zone;http://marineregions.org/mrgid/3293;Belgium;http://marineregions.org/mrgid/14;valid;NA;NA;NA;NA;NA;NA;unreviewed
Chaetoceros crinitus;149171;Chaetoceros crinitus;149171;Chromista;Heterokontophyta;Bacillariophyceae;Chaetocerotanae incertae sedis;Chaetocerotaceae;Chaetoceros;North Sea;http://marineregions.org/mrgid/2350;North Sea;http://marineregions.org/mrgid/2350;valid;NA;NA;NA;NA;NA;NA;unreviewed
Chaetoceros curvisetus;149221;Chaetoceros curvisetus;149221;Chromista;Heterokontophyta;Bacillariophyceae;Chaetocerotanae incertae sedis;Chaetocerotaceae;Chaetoceros;North Sea;http://marineregions.org/mrgid/2350;North Sea;http://marineregions.org/mrgid/2350;valid;NA;NA;NA;NA;NA;NA;unreviewed
Chaetoceros danicus;149120;Chaetoceros danicus;149120;Chromista;Heterokontophyta;Bacillariophyceae;Chaetocerotanae incertae sedis;Chaetocerotaceae;Chaetoceros;North Sea;http://marineregions.org/mrgid/2350;North Sea;http://marineregions.org/mrgid/2350;valid;NA;NA;NA;NA;NA;NA;unreviewed
Chaetoceros debilis;149219;Chaetoceros debilis;149219;Chromista;Heterokontophyta;Bacillariophyceae;Chaetocerotanae incertae sedis;Chaetocerotaceae;Chaetoceros;North Sea;http://marineregions.org/mrgid/2350;North Sea;http://marineregions.org/mrgid/2350;valid;NA;NA;NA;NA;NA;NA;unreviewed
Chaetoceros decipiens;149126;Chaetoceros decipiens;149126;Chromista;Heterokontophyta;Bacillariophyceae;Chaetocerotanae incertae sedis;Chaetocerotaceae;Chaetoceros;North Sea;http://marineregions.org/mrgid/2350;North Sea;http://marineregions.org/mrgid/2350;valid;NA;NA;NA;NA;NA;NA;unreviewed
Chaetoceros densus;149121;Chaetoceros densus;149121;Chromista;Heterokontophyta;Bacillariophyceae;Chaetocerotanae incertae sedis;Chaetocerotaceae;Chaetoceros;North Sea;http://marineregions.org/mrgid/2350;North Sea;http://marineregions.org/mrgid/2350;valid;NA;NA;NA;NA;NA;NA;unreviewed
Chaetoceros diadema;149128;Chaetoceros diadema;149128;Chromista;Heterokontophyta;Bacillariophyceae;Chaetocerotanae incertae sedis;Chaetocerotaceae;Chaetoceros;North Sea;http://marineregions.org/mrgid/2350;North Sea;http://marineregions.org/mrgid/2350;valid;NA;NA;NA;NA;NA;NA;unreviewed
Chaetoceros didymus;149122;Chaetoceros didymus;149122;Chromista;Heterokontophyta;Bacillariophyceae;Chaetocerotanae incertae sedis;Chaetocerotaceae;Chaetoceros;North Sea;http://marineregions.org/mrgid/2350;North Sea;http://marineregions.org/mrgid/2350;valid;NA;NA;NA;NA;NA;NA;unreviewed
Chaetoceros fragilis;149173;Chaetoceros fragilis;149173;Chromista;Heterokontophyta;Bacillariophyceae;Chaetocerotanae incertae sedis;Chaetocerotaceae;Chaetoceros;North Sea;http://marineregions.org/mrgid/2350;North Sea;http://marineregions.org/mrgid/2350;valid;NA;NA;NA;NA;NA;NA;unreviewed
Chaetoceros furcellatus;149624;Chaetoceros furcellatus;149624;Chromista;Heterokontophyta;Bacillariophyceae;Chaetocerotanae incertae sedis;Chaetocerotaceae;Chaetoceros;Belgian Exclusive Economic Zone;http://marineregions.org/mrgid/3293;North Sea;http://marineregions.org/mrgid/2350;valid;NA;NA;NA;NA;NA;NA;unreviewed
Chaetoceros gracilis;178204;Chaetoceros gracilis;178204;Chromista;Heterokontophyta;Bacillariophyceae;Chaetocerotanae incertae sedis;Chaetocerotaceae;Chaetoceros;Belgian Exclusive Economic Zone;http://marineregions.org/mrgid/3293;North Sea;http://marineregions.org/mrgid/2350;valid;NA;NA;NA;NA;NA;NA;unreviewed
Chaetoceros laciniosus;149228;Chaetoceros laciniosus;149228;Chromista;Heterokontophyta;Bacillariophyceae;Chaetocerotanae incertae sedis;Chaetocerotaceae;Chaetoceros;North Sea;http://marineregions.org/mrgid/2350;North Sea;http://marineregions.org/mrgid/2350;valid;NA;NA;NA;NA;NA;NA;unreviewed
Chaetoceros neogracilis;178207;Chaetoceros gracilis;178204;Chromista;Heterokontophyta;Bacillariophyceae;Chaetocerotanae incertae sedis;Chaetocerotaceae;Chaetoceros;Belgian Exclusive Economic Zone;http://marineregions.org/mrgid/3293;North Sea;http://marineregions.org/mrgid/2350;valid;NA;NA;NA;NA;NA;NA;unreviewed
Chaetoceros pelagicus;149238;Chaetoceros pelagicus;149238;Chromista;Heterokontophyta;Bacillariophyceae;Chaetocerotanae incertae sedis;Chaetocerotaceae;Chaetoceros;North Sea;http://marineregions.org/mrgid/2350;North Sea;http://marineregions.org/mrgid/2350;valid;NA;NA;NA;NA;NA;NA;unreviewed
Chaetoceros pseudocrinitus;149222;Chaetoceros pseudocrinitus;149222;Chromista;Heterokontophyta;Bacillariophyceae;Chaetocerotanae incertae sedis;Chaetocerotaceae;Chaetoceros;North Sea;http://marineregions.org/mrgid/2350;North Sea;http://marineregions.org/mrgid/2350;valid;NA;NA;NA;NA;NA;NA;unreviewed
Chaetoceros pseudosimile;495211;Chaetoceros pseudosimilis;149172;Chromista;Heterokontophyta;Bacillariophyceae;Chaetocerotanae incertae sedis;Chaetocerotaceae;Chaetoceros;North Sea;http://marineregions.org/mrgid/2350;North Sea;http://marineregions.org/mrgid/2350;valid;NA;NA;NA;NA;NA;NA;unreviewed
Chaetoceros pseudosimilis;149172;Chaetoceros pseudosimilis;149172;Chromista;Heterokontophyta;Bacillariophyceae;Chaetocerotanae incertae sedis;Chaetocerotaceae;Chaetoceros;North Sea;http://marineregions.org/mrgid/2350;North Sea;http://marineregions.org/mrgid/2350;valid;NA;NA;NA;NA;NA;NA;unreviewed
Chaetoceros schuttii;149625;Chaetoceros schuttii;149625;Chromista;Heterokontophyta;Bacillariophyceae;Chaetocerotanae incertae sedis;Chaetocerotaceae;Chaetoceros;Belgian Exclusive Economic Zone;http://marineregions.org/mrgid/3293;North Sea;http://marineregions.org/mrgid/2350;valid;NA;NA;NA;NA;NA;NA;unreviewed
Chaetoceros similis;149127;Chaetoceros similis;149127;Chromista;Heterokontophyta;Bacillariophyceae;Chaetocerotanae incertae sedis;Chaetocerotaceae;Chaetoceros;North Sea;http://marineregions.org/mrgid/2350;North Sea;http://marineregions.org/mrgid/2350;valid;NA;NA;NA;NA;NA;NA;unreviewed
Chaetoceros socialis;149123;Chaetoceros socialis;149123;Chromista;Heterokontophyta;Bacillariophyceae;Chaetocerotanae incertae sedis;Chaetocerotaceae;Chaetoceros;North Sea;http://marineregions.org/mrgid/2350;North Sea;http://marineregions.org/mrgid/2350;valid;NA;NA;NA;NA;NA;NA;unreviewed
Chaetoceros teres;149125;Chaetoceros teres;149125;Chromista;Heterokontophyta;Bacillariophyceae;Chaetocerotanae incertae sedis;Chaetocerotaceae;Chaetoceros;North Sea;http://marineregions.org/mrgid/2350;North Sea;http://marineregions.org/mrgid/2350;valid;NA;NA;NA;NA;NA;NA;unreviewed
Chaetoceros willei;156625;Chaetoceros affinis var. willei;149242;Chromista;Heterokontophyta;Bacillariophyceae;Chaetocerotanae incertae sedis;Chaetocerotaceae;Chaetoceros;North Sea;http://marineregions.org/mrgid/2350;North Sea;http://marineregions.org/mrgid/2350;valid;NA;NA;NA;NA;NA;NA;unreviewed
Coscinodiscus centralis;149159;Coscinodiscus centralis;149159;Chromista;Heterokontophyta;Bacillariophyceae;Coscinodiscales;Coscinodiscaceae;Coscinodiscus;North Sea;http://marineregions.org/mrgid/2350;North Sea;http://marineregions.org/mrgid/2350;valid;NA;NA;NA;NA;NA;NA;unreviewed
Coscinodiscus concinnus;148992;Coscinodiscus concinnus;148992;Chromista;Heterokontophyta;Bacillariophyceae;Coscinodiscales;Coscinodiscaceae;Coscinodiscus;Belgian Exclusive Economic Zone;http://marineregions.org/mrgid/3293;Belgium;http://marineregions.org/mrgid/14;valid;NA;NA;NA;NA;NA;NA;unreviewed
Coscinodiscus pavillardii;149307;Coscinodiscus pavillardii;149307;Chromista;Heterokontophyta;Bacillariophyceae;Coscinodiscales;Coscinodiscaceae;Coscinodiscus;North Sea;http://marineregions.org/mrgid/2350;North Sea;http://marineregions.org/mrgid/2350;valid;NA;NA;NA;NA;NA;NA;unreviewed
Coscinodiscus radiatus;149158;Coscinodiscus radiatus;149158;Chromista;Heterokontophyta;Bacillariophyceae;Coscinodiscales;Coscinodiscaceae;Coscinodiscus;North Sea;http://marineregions.org/mrgid/2350;North Sea;http://marineregions.org/mrgid/2350;valid;NA;NA;NA;NA;NA;NA;unreviewed
Coscinodiscus wailesii;156632;Coscinodiscus wailesii;156632;Chromista;Heterokontophyta;Bacillariophyceae;Coscinodiscales;Coscinodiscaceae;Coscinodiscus;Atlantic Europe;http://marineregions.org/mrgid/9230;NA;NA;valid;NA;Alien;NA;NA;NA;NA;unreviewed
Stellarima stellaris;149653;Stellarima stellaris;149653;Chromista;Heterokontophyta;Bacillariophyceae;Coscinodiscales;Coscinodiscaceae;Stellarima;North Sea;http://marineregions.org/mrgid/2350;North Sea;http://marineregions.org/mrgid/2350;valid;NA;NA;NA;NA;NA;NA;unreviewed
Dinophysis acuminata;109603;Dinophysis acuminata;109603;Chromista;Myzozoa;Dinophyceae;Dinophysales;Dinophysaceae;Dinophysis;North Sea;http://marineregions.org/mrgid/2350;North Sea;http://marineregions.org/mrgid/2350;valid;NA;NA;NA;NA;NA;NA;unreviewed
Dinophysis dens;109616;Dinophysis dens;109616;Chromista;Myzozoa;Dinophyceae;Dinophysales;Dinophysaceae;Dinophysis;Belgian Exclusive Economic Zone;http://marineregions.org/mrgid/3293;North Sea;http://marineregions.org/mrgid/2350;valid;NA;NA;NA;NA;NA;NA;unreviewed
Dinophysis norvegica;109637;Dinophysis norvegica;109637;Chromista;Myzozoa;Dinophyceae;Dinophysales;Dinophysaceae;Dinophysis;North Sea;http://marineregions.org/mrgid/2350;North Sea;http://marineregions.org/mrgid/2350;valid;NA;NA;NA;NA;NA;NA;unreviewed
Dinophysis rotundata;162793;Dinophysis rotundata;162793;Chromista;Myzozoa;Dinophyceae;Dinophysales;Dinophysaceae;Dinophysis;North Sea;http://marineregions.org/mrgid/2350;NA;NA;valid;holotype;NA;NA;NA;NA;NA;trusted
Phalacroma rotundatum;156505;Dinophysis rotundata;162793;Chromista;Myzozoa;Dinophyceae;Dinophysales;Oxyphysaceae;Phalacroma;North Sea;http://marineregions.org/mrgid/2350;NA;NA;valid;holotype;NA;NA;NA;NA;NA;trusted
Gymnodinium aureolum;232716;Gyrodinium aureolum;109842;Chromista;Myzozoa;Dinophyceae;Gymnodiniales;Gymnodiniaceae;Gymnodinium;North Sea;http://marineregions.org/mrgid/2350;North Sea;http://marineregions.org/mrgid/2350;valid;NA;Alien;NA;NA;NA;NA;unreviewed
Gymnodinium catenatum;109784;Gymnodinium catenatum;109784;Chromista;Myzozoa;Dinophyceae;Gymnodiniales;Gymnodiniaceae;Gymnodinium;North Sea;http://marineregions.org/mrgid/2350;North Sea;http://marineregions.org/mrgid/2350;valid;NA;Alien;NA;NA;NA;NA;unreviewed
Gymnodinium fissum;162938;Gymnodinium fissum;162938;Chromista;Myzozoa;Dinophyceae;Gymnodiniales;Gymnodiniaceae;Gymnodinium;North Sea;http://marineregions.org/mrgid/2350;North Sea;http://marineregions.org/mrgid/2350;valid;NA;NA;NA;NA;55.3300018310547;3;unreviewed
Gymnodinium mikimotoi;109813;Gymnodinium mikimotoi;109813;Chromista;Myzozoa;Dinophyceae;Gymnodiniales;Gymnodiniaceae;Gymnodinium;North Sea;http://marineregions.org/mrgid/2350;North Sea;http://marineregions.org/mrgid/2350;valid;NA;Alien;NA;NA;NA;NA;unreviewed
Gymnodinium venator;547469;Amphidinium pellucidum;109748;Chromista;Myzozoa;Dinophyceae;Gymnodiniales;Gymnodiniaceae;Gymnodinium;West Coast of Scotland;http://marineregions.org/mrgid/14299;United Kingdom;http://marineregions.org/mrgid/2208;valid;NA;NA;NA;NA;NA;NA;unreviewed
Mesoporos perforatus;232516;Mesoporos perforatus;232516;Chromista;Myzozoa;Dinophyceae;Prorocentrales;Prorocentraceae;Mesoporos;North Sea;http://marineregions.org/mrgid/2350;North Sea;http://marineregions.org/mrgid/2350;valid;NA;NA;NA;NA;NA;NA;unreviewed
Prorocentrum cordatum;232376;Prorocentrum minimum;110304;Chromista;Myzozoa;Dinophyceae;Prorocentrales;Prorocentraceae;Prorocentrum;North Sea;http://marineregions.org/mrgid/2350;North Sea;http://marineregions.org/mrgid/2350;valid;NA;Alien;NA;NA;NA;NA;unreviewed
Prorocentrum micans;110303;Prorocentrum micans;110303;Chromista;Myzozoa;Dinophyceae;Prorocentrales;Prorocentraceae;Prorocentrum;North Sea;http://marineregions.org/mrgid/2350;North Sea;http://marineregions.org/mrgid/2350;valid;NA;NA;NA;NA;NA;NA;unreviewed
Prorocentrum minimum;110304;Prorocentrum minimum;110304;Chromista;Myzozoa;Dinophyceae;Prorocentrales;Prorocentraceae;Prorocentrum;North Sea;http://marineregions.org/mrgid/2350;North Sea;http://marineregions.org/mrgid/2350;valid;NA;Alien;NA;NA;NA;NA;unreviewed
Prorocentrum redfieldii;110310;Prorocentrum redfieldii;110310;Chromista;Myzozoa;Dinophyceae;Prorocentrales;Prorocentraceae;Prorocentrum;North Sea;http://marineregions.org/mrgid/2350;North Sea;http://marineregions.org/mrgid/2350;valid;NA;Alien;NA;NA;NA;NA;unreviewed
Prorocentrum reticulatum;232323;Prorocentrum reticulatum;232323;Chromista;Myzozoa;Dinophyceae;Prorocentrales;Prorocentraceae;Prorocentrum;North Sea;http://marineregions.org/mrgid/2350;NA;NA;valid;holotype;NA;NA;NA;NA;NA;trusted
Prorocentrum rhathymum;232298;Prorocentrum rhathymum;232298;Chromista;Myzozoa;Dinophyceae;Prorocentrales;Prorocentraceae;Prorocentrum;St. Johns (United Kingdom Ward);http://marineregions.org/mrgid/770;NA;NA;valid;holotype;NA;NA;NA;NA;NA;trusted
Prorocentrum triestinum;110316;Prorocentrum triestinum;110316;Chromista;Myzozoa;Dinophyceae;Prorocentrales;Prorocentraceae;Prorocentrum;Belgian Exclusive Economic Zone;http://marineregions.org/mrgid/3293;North Sea;http://marineregions.org/mrgid/2350;valid;NA;NA;NA;NA;NA;NA;unreviewed
Ascophyllum nodosum;145541;Ascophyllum nodosum;145541;Chromista;Ochrophyta;Phaeophyceae;Fucales;Fucaceae;Ascophyllum;Belgian Exclusive Economic Zone;http://marineregions.org/mrgid/3293;Belgium;http://marineregions.org/mrgid/14;valid;NA;NA;NA;NA;NA;NA;unreviewed
Fucus ceranoides;145542;Fucus ceranoides;145542;Chromista;Ochrophyta;Phaeophyceae;Fucales;Fucaceae;Fucus;North Sea;http://marineregions.org/mrgid/21912;NA;NA;valid;NA;NA;NA;NA;NA;NA;unreviewed
Fucus cottonii;371030;Fucus cottonii;371030;Chromista;Ochrophyta;Phaeophyceae;Fucales;Fucaceae;Fucus;North Sea;http://marineregions.org/mrgid/21912;NA;NA;valid;NA;NA;NA;NA;NA;NA;unreviewed
Fucus distichus;145544;Fucus distichus;145544;Chromista;Ochrophyta;Phaeophyceae;Fucales;Fucaceae;Fucus;North Sea;http://marineregions.org/mrgid/21912;NA;NA;valid;NA;NA;NA;NA;NA;NA;unreviewed
Fucus evanescens;145545;Fucus evanescens;145545;Chromista;Ochrophyta;Phaeophyceae;Fucales;Fucaceae;Fucus;North Sea;http://marineregions.org/mrgid/2350;North Sea;http://marineregions.org/mrgid/2350;valid;NA;Alien;NA;NA;NA;NA;unreviewed
Fucus serratus;145546;Fucus serratus;145546;Chromista;Ochrophyta;Phaeophyceae;Fucales;Fucaceae;Fucus;North Sea;http://marineregions.org/mrgid/21912;NA;NA;valid;NA;NA;NA;NA;NA;NA;unreviewed
Fucus spiralis;145547;Fucus spiralis;145547;Chromista;Ochrophyta;Phaeophyceae;Fucales;Fucaceae;Fucus;Belgian Exclusive Economic Zone;http://marineregions.org/mrgid/3293;Belgium;http://marineregions.org/mrgid/14;valid;NA;NA;NA;NA;NA;NA;unreviewed
Fucus vesiculosus;145548;Fucus vesiculosus;145548;Chromista;Ochrophyta;Phaeophyceae;Fucales;Fucaceae;Fucus;Belgian Exclusive Economic Zone;http://marineregions.org/mrgid/3293;Belgium;http://marineregions.org/mrgid/14;valid;NA;NA;NA;NA;NA;NA;unreviewed
Pelvetia canaliculata;145550;Pelvetia canaliculata;145550;Chromista;Ochrophyta;Phaeophyceae;Fucales;Fucaceae;Pelvetia;North Sea;http://marineregions.org/mrgid/21912;NA;NA;valid;NA;NA;NA;NA;NA;NA;unreviewed
Cystoseira tamariscifolia;145536;Cystoseira tamariscifolia;145536;Chromista;Ochrophyta;Phaeophyceae;Fucales;Sargassaceae;Cystoseira;North Sea;http://marineregions.org/mrgid/21912;NA;NA;valid;NA;NA;NA;NA;NA;NA;unreviewed
Ericaria selaginoides;1568393;Cystoseira tamariscifolia;145536;Chromista;Ochrophyta;Phaeophyceae;Fucales;Sargassaceae;Ericaria;North Sea;http://marineregions.org/mrgid/21912;NA;NA;valid;NA;NA;NA;NA;NA;NA;unreviewed
Halidrys siliquosa;145540;Halidrys siliquosa;145540;Chromista;Ochrophyta;Phaeophyceae;Fucales;Sargassaceae;Halidrys;North Sea;http://marineregions.org/mrgid/2350;North Sea;http://marineregions.org/mrgid/2350;valid;NA;NA;NA;NA;NA;NA;unreviewed
Sargassum muticum;494791;Sargassum muticum;494791;Chromista;Ochrophyta;Phaeophyceae;Fucales;Sargassaceae;Sargassum;Atlantic Europe;http://marineregions.org/mrgid/9230;NA;NA;valid;NA;Alien;NA;NA;NA;NA;unreviewed
Sargassum vulgare;494801;Sargassum vulgare;494801;Chromista;Ochrophyta;Phaeophyceae;Fucales;Sargassaceae;Sargassum;North Sea;http://marineregions.org/mrgid/21912;NA;NA;valid;NA;NA;NA;NA;NA;NA;unreviewed
Chattonella antiqua;233778;Chattonella antiqua;233778;Chromista;Ochrophyta;Raphidophyceae;Chattonellales;Chattonellaceae;Chattonella;North Sea;http://marineregions.org/mrgid/2350;North Sea;http://marineregions.org/mrgid/2350;doubtful;NA;NA;NA;NA;NA;NA;trusted
Chattonella marina;233780;Chattonella marina;233780;Chromista;Ochrophyta;Raphidophyceae;Chattonellales;Chattonellaceae;Chattonella;North Sea;http://marineregions.org/mrgid/2350;North Sea;http://marineregions.org/mrgid/2350;valid;NA;Alien;NA;NA;NA;NA;unreviewed
Chattonella verruculosa;233782;Chattonella verruculosa;233782;Chromista;Ochrophyta;Raphidophyceae;Chattonellales;Chattonellaceae;Chattonella;North Sea;http://marineregions.org/mrgid/2350;North Sea;http://marineregions.org/mrgid/2350;valid;NA;Alien;NA;NA;NA;NA;unreviewed
Heterosigma akashiwo;160585;Heterosigma akashiwo;160585;Chromista;Ochrophyta;Raphidophyceae;Chattonellales;Chattonellaceae;Heterosigma;North Sea;http://marineregions.org/mrgid/2350;North Sea;http://marineregions.org/mrgid/2350;valid;NA;Alien;NA;NA;NA;NA;unreviewed
Fibrocapsa japonica;233761;Fibrocapsa japonica;233761;Chromista;Ochrophyta;Raphidophyceae;Chattonellales;Vacuolariaceae;Fibrocapsa;North Sea;http://marineregions.org/mrgid/2350;North Sea;http://marineregions.org/mrgid/2350;valid;NA;Alien;NA;NA;NA;NA;unreviewed
Codium adhaerens;145078;Codium adhaerens;145078;Plantae;Chlorophyta;Ulvophyceae;Bryopsidales;Codiaceae;Codium;North Sea;http://marineregions.org/mrgid/21912;NA;NA;valid;NA;NA;NA;NA;NA;NA;unreviewed
Codium fragile;145086;Codium fragile;145086;Plantae;Chlorophyta;Ulvophyceae;Bryopsidales;Codiaceae;Codium;Germany;http://marineregions.org/mrgid/2101;Germany;http://marineregions.org/mrgid/2101;valid;NA;Alien;Uncertain;Reported;NA;NA;trusted
Codium vermilara;145093;Codium vermilara;145093;Plantae;Chlorophyta;Ulvophyceae;Bryopsidales;Codiaceae;Codium;North Sea;http://marineregions.org/mrgid/21912;NA;NA;valid;NA;NA;NA;NA;NA;NA;unreviewed
Cryptonemia hibernica;145239;Cryptonemia hibernica;145239;Plantae;Rhodophyta;Florideophyceae;Halymeniales;Halymeniaceae;Cryptonemia;United Kingdom part of the English Channel;http://marineregions.org/mrgid/25217;English Channel;http://marineregions.org/mrgid/2389;valid;NA;Alien;Uncertain;Uncertain;NA;NA;trusted
